timestamp,density_percent,latitude,longitude
2025-07-13 19:27:10,29.83,11.2588,75.7804
2025-07-13 19:27:18,29.68,11.2588,75.7804
2025-07-13 19:27:20,29.74,11.2588,75.7804
2025-07-13 19:27:22,30.28,11.2588,75.7804
2025-07-13 19:27:23,30.78,11.2588,75.7804
2025-07-13 19:27:26,30.17,11.2588,75.7804
2025-07-13 19:27:28,31.06,11.2588,75.7804
2025-07-13 19:27:31,30.56,11.2588,75.7804
2025-07-13 19:27:39,29.95,11.2588,75.7804
2025-07-13 19:27:40,29.48,11.2588,75.7804
2025-07-13 19:27:42,28.73,11.2588,75.7804
2025-07-13 19:27:44,29.35,11.2588,75.7804
2025-07-13 19:27:45,29.05,11.2588,75.7804
2025-07-13 19:27:46,28.86,11.2588,75.7804
2025-07-13 19:27:48,29.93,11.2588,75.7804
2025-07-13 19:27:50,30.86,11.2588,75.7804
2025-07-13 19:27:53,30.96,11.2588,75.7804
2025-07-13 19:27:55,30.88,11.2588,75.7804
2025-07-13 19:27:56,31.16,11.2588,75.7804
2025-07-13 19:27:59,31.0,11.2588,75.7804
2025-07-13 19:28:01,31.36,11.2588,75.7804
2025-07-13 19:28:05,31.55,11.2588,75.7804
2025-07-13 19:28:08,33.22,11.2588,75.7804
2025-07-13 19:28:10,34.2,11.2588,75.7804
2025-07-13 19:28:14,34.27,11.2588,75.7804
2025-07-13 19:28:20,34.13,11.2588,75.7804
2025-07-13 19:28:25,33.31,11.2588,75.7804
2025-07-13 19:28:29,33.18,11.2588,75.7804
2025-07-13 19:28:32,32.45,11.2588,75.7804
2025-07-13 19:28:36,32.99,11.2588,75.7804
2025-07-13 19:28:38,32.32,11.2588,75.7804
2025-07-13 19:28:44,32.52,11.2588,75.7804
2025-07-13 19:28:55,32.86,11.2588,75.7804
2025-07-13 19:29:00,32.45,11.2588,75.7804
2025-07-13 19:29:05,32.04,11.2588,75.7804
2025-07-13 19:29:09,33.12,11.2588,75.7804
2025-07-13 19:29:13,33.55,11.2588,75.7804
2025-07-13 19:29:18,32.8,11.2588,75.7804
2025-07-13 19:41:07,31.78,11.2588,75.7804
2025-07-13 19:41:08,31.1,11.2588,75.7804
2025-07-13 19:41:10,31.28,11.2588,75.7804
2025-07-13 19:41:12,32.22,11.2588,75.7804
2025-07-13 19:41:14,32.6,11.2588,75.7804
2025-07-13 19:41:16,33.78,11.2588,75.7804
2025-07-13 19:41:20,34.36,11.2588,75.7804
2025-07-13 19:41:24,34.45,11.2588,75.7804
2025-07-13 19:41:28,33.78,11.2588,75.7804
2025-07-13 19:41:30,33.92,11.2588,75.7804
2025-07-13 19:41:34,34.1,11.2588,75.7804
2025-07-13 19:41:36,34.33,11.2588,75.7804
2025-07-13 19:41:37,33.41,11.2588,75.7804
2025-07-13 19:41:40,34.19,11.2588,75.7804
2025-07-13 19:41:42,33.8,11.2588,75.7804
2025-07-13 19:41:48,32.99,11.2588,75.7804
2025-07-13 19:41:51,32.69,11.2588,75.7804
2025-07-13 19:41:56,33.12,11.2588,75.7804
2025-07-13 19:41:59,33.98,11.2588,75.7804
2025-07-13 19:42:01,33.57,11.2588,75.7804
2025-07-13 19:42:04,33.99,11.2588,75.7804
2025-07-13 19:42:07,33.66,11.2588,75.7804
2025-07-13 19:42:09,33.42,11.2588,75.7804
2025-07-13 19:42:11,34.31,11.2588,75.7804
2025-07-13 19:42:24,34.12,11.2588,75.7804
2025-07-13 19:42:27,34.18,11.2588,75.7804
2025-07-13 19:42:31,34.61,11.2588,75.7804
2025-07-13 19:42:34,33.64,11.2588,75.7804
2025-07-13 19:42:36,34.71,11.2588,75.7804
2025-07-13 19:42:37,34.89,11.2588,75.7804
2025-07-13 19:42:39,34.87,11.2588,75.7804
2025-07-13 19:42:42,34.23,11.2588,75.7804
2025-07-13 19:42:45,34.21,11.2588,75.7804
2025-07-13 19:42:48,33.43,11.2588,75.7804
2025-07-13 19:42:51,32.86,11.2588,75.7804
2025-07-13 19:42:53,32.3,11.2588,75.7804
2025-07-13 19:42:55,33.73,11.2588,75.7804
2025-07-13 19:42:58,34.06,11.2588,75.7804
2025-07-13 19:43:00,33.76,11.2588,75.7804
2025-07-13 19:43:02,33.49,11.2588,75.7804
2025-07-13 19:43:05,33.47,11.2588,75.7804
2025-07-13 19:43:24,33.24,11.2588,75.7804
2025-07-13 19:43:31,32.61,11.2588,75.7804
2025-07-13 19:43:40,32.97,11.2588,75.7804
2025-07-13 19:43:44,33.54,11.2588,75.7804
2025-07-13 19:43:47,34.09,11.2588,75.7804
2025-07-13 19:43:50,34.27,11.2588,75.7804
2025-07-13 19:43:52,34.91,11.2588,75.7804
2025-07-13 19:43:57,35.31,11.2588,75.7804
2025-07-13 19:44:00,35.19,11.2588,75.7804
2025-07-13 19:44:01,35.2,11.2588,75.7804
2025-07-13 19:44:05,35.26,11.2588,75.7804
2025-07-13 19:46:26,36.12,11.2588,75.7804
2025-07-13 19:46:29,36.6,11.2588,75.7804
2025-07-13 19:46:32,35.94,11.2588,75.7804
2025-07-13 19:46:38,35.46,11.2588,75.7804
2025-07-13 19:46:43,35.76,11.2588,75.7804
2025-07-13 19:46:48,36.17,11.2588,75.7804
2025-07-13 19:46:50,36.14,11.2588,75.7804
2025-07-13 19:46:53,35.18,11.2588,75.7804
2025-07-13 19:46:56,34.76,11.2588,75.7804
2025-07-13 19:56:58,31.33,11.2588,75.7804
2025-07-13 19:57:01,31.62,11.2588,75.7804
2025-07-13 19:57:03,31.81,11.2588,75.7804
2025-07-13 19:57:04,32.51,11.2588,75.7804
2025-07-13 19:57:06,33.3,11.2588,75.7804
2025-07-13 19:57:08,34.04,11.2588,75.7804
2025-07-13 19:57:09,33.04,11.2588,75.7804
2025-07-13 19:57:11,32.59,11.2588,75.7804
2025-07-13 19:57:12,33.1,11.2588,75.7804
2025-07-13 19:57:14,33.71,11.2588,75.7804
2025-07-13 19:57:15,34.53,11.2588,75.7804
2025-07-13 19:57:17,34.68,11.2588,75.7804
2025-07-13 19:57:19,34.62,11.2588,75.7804
2025-07-13 19:57:21,34.77,11.2588,75.7804
2025-07-13 19:57:23,34.53,11.2588,75.7804
2025-07-13 19:57:25,33.69,11.2588,75.7804
2025-07-13 19:57:27,34.4,11.2588,75.7804
2025-07-13 19:57:28,34.59,11.2588,75.7804
2025-07-13 19:57:29,34.13,11.2588,75.7804
2025-07-13 19:57:31,34.62,11.2588,75.7804
2025-07-13 19:57:35,35.07,11.2588,75.7804
2025-07-13 19:57:37,35.37,11.2588,75.7804
2025-07-13 19:57:39,34.92,11.2588,75.7804
2025-07-13 19:57:41,34.54,11.2588,75.7804
2025-07-13 19:57:43,34.19,11.2588,75.7804
2025-07-13 19:57:45,35.12,11.2588,75.7804
2025-07-13 19:57:47,34.9,11.2588,75.7804
2025-07-13 19:57:49,34.52,11.2588,75.7804
2025-07-13 19:57:51,33.83,11.2588,75.7804
2025-07-13 19:57:53,32.3,11.2588,75.7804
2025-07-13 19:57:54,34.72,11.2588,75.7804
2025-07-13 19:57:56,35.54,11.2588,75.7804
2025-07-13 19:57:58,35.18,11.2588,75.7804
2025-07-13 19:58:00,35.29,11.2588,75.7804
2025-07-13 19:58:01,34.52,11.2588,75.7804
2025-07-13 19:58:03,34.42,11.2588,75.7804
2025-07-13 19:58:04,34.15,11.2588,75.7804
2025-07-13 19:58:06,34.06,11.2588,75.7804
2025-07-13 19:58:08,33.64,11.2588,75.7804
2025-07-13 19:58:09,33.77,11.2588,75.7804
2025-07-13 19:58:11,33.91,11.2588,75.7804
2025-07-13 19:58:13,33.26,11.2588,75.7804
2025-07-13 19:58:15,33.33,11.2588,75.7804
2025-07-13 19:58:22,33.92,11.2588,75.7804
2025-07-13 19:58:24,34.85,11.2588,75.7804
2025-07-13 19:58:27,35.48,11.2588,75.7804
2025-07-13 19:58:29,35.29,11.2588,75.7804
2025-07-13 19:58:31,36.09,11.2588,75.7804
2025-07-13 19:58:32,35.32,11.2588,75.7804
2025-07-13 19:58:34,36.47,11.2588,75.7804
2025-07-13 19:58:35,36.03,11.2588,75.7804
2025-07-13 19:58:36,35.16,11.2588,75.7804
2025-07-13 19:58:38,35.13,11.2588,75.7804
2025-07-13 19:58:42,35.27,11.2588,75.7804
2025-07-13 19:58:43,34.99,11.2588,75.7804
2025-07-13 19:58:44,33.81,11.2588,75.7804
2025-07-13 19:58:46,33.36,11.2588,75.7804
2025-07-13 19:58:47,33.13,11.2588,75.7804
2025-07-13 19:58:49,33.34,11.2588,75.7804
2025-07-13 19:58:50,31.97,11.2588,75.7804
2025-07-13 19:58:52,33.5,11.2588,75.7804
2025-07-13 19:58:53,33.73,11.2588,75.7804
2025-07-13 19:58:54,33.39,11.2588,75.7804
2025-07-13 19:58:56,33.83,11.2588,75.7804
2025-07-13 19:58:57,34.55,11.2588,75.7804
2025-07-13 19:58:59,33.5,11.2588,75.7804
2025-07-13 19:59:00,32.77,11.2588,75.7804
2025-07-13 19:59:02,32.12,11.2588,75.7804
2025-07-13 19:59:03,32.14,11.2588,75.7804
2025-07-13 19:59:05,32.01,11.2588,75.7804
2025-07-13 19:59:06,32.97,11.2588,75.7804
2025-07-13 19:59:08,33.08,11.2588,75.7804
2025-07-13 19:59:09,34.2,11.2588,75.7804
2025-07-13 19:59:10,35.08,11.2588,75.7804
2025-07-13 19:59:12,35.4,11.2588,75.7804
2025-07-13 19:59:14,35.26,11.2588,75.7804
2025-07-13 19:59:16,34.89,11.2588,75.7804
2025-07-13 19:59:19,33.76,11.2588,75.7804
2025-07-13 19:59:21,34.01,11.2588,75.7804
2025-07-13 19:59:23,34.32,11.2588,75.7804
2025-07-13 19:59:24,34.43,11.2588,75.7804
2025-07-13 19:59:25,33.49,11.2588,75.7804
2025-07-13 19:59:27,33.63,11.2588,75.7804
2025-07-13 19:59:28,34.1,11.2588,75.7804
2025-07-13 19:59:30,33.48,11.2588,75.7804
2025-07-13 19:59:31,34.95,11.2588,75.7804
2025-07-13 19:59:33,35.58,11.2588,75.7804
2025-07-13 19:59:35,35.97,11.2588,75.7804
2025-07-13 19:59:38,35.89,11.2588,75.7804
2025-07-13 19:59:39,36.08,11.2588,75.7804
2025-07-13 19:59:41,33.93,11.2588,75.7804
2025-07-13 19:59:42,34.33,11.2588,75.7804
2025-07-13 19:59:43,34.55,11.2588,75.7804
2025-07-13 19:59:45,33.36,11.2588,75.7804
2025-07-13 19:59:46,34.17,11.2588,75.7804
2025-07-13 19:59:47,34.48,11.2588,75.7804
2025-07-13 19:59:49,35.21,11.2588,75.7804
2025-07-13 19:59:53,35.59,11.2588,75.7804
2025-07-13 19:59:57,35.82,11.2588,75.7804
2025-07-13 19:59:59,35.42,11.2588,75.7804
2025-07-13 20:00:00,35.83,11.2588,75.7804
2025-07-13 20:00:01,36.32,11.2588,75.7804
2025-07-13 20:00:03,35.0,11.2588,75.7804
2025-07-13 20:00:04,35.53,11.2588,75.7804
2025-07-13 20:00:06,34.95,11.2588,75.7804
2025-07-13 20:00:07,34.82,11.2588,75.7804
2025-07-13 20:00:08,33.84,11.2588,75.7804
2025-07-13 20:00:10,34.45,11.2588,75.7804
2025-07-13 20:00:11,34.51,11.2588,75.7804
2025-07-13 20:00:13,34.5,11.2588,75.7804
2025-07-13 20:00:14,35.57,11.2588,75.7804
2025-07-13 20:00:16,35.84,11.2588,75.7804
2025-07-13 20:00:18,35.0,11.2588,75.7804
2025-07-13 20:00:19,35.14,11.2588,75.7804
2025-07-13 20:00:21,34.85,11.2588,75.7804
2025-07-13 20:00:22,34.54,11.2588,75.7804
2025-07-13 20:00:23,33.81,11.2588,75.7804
2025-07-13 20:00:25,34.35,11.2588,75.7804
2025-07-13 20:00:27,34.83,11.2588,75.7804
2025-07-13 20:00:28,35.55,11.2588,75.7804
2025-07-13 20:00:30,35.9,11.2588,75.7804
2025-07-13 20:00:31,36.79,11.2588,75.7804
2025-07-13 20:00:33,36.75,11.2588,75.7804
2025-07-13 20:00:36,36.01,11.2588,75.7804
2025-07-13 20:00:37,36.29,11.2588,75.7804
2025-07-13 20:00:39,36.21,11.2588,75.7804
2025-07-13 20:00:40,36.07,11.2588,75.7804
2025-07-13 20:00:42,37.11,11.2588,75.7804
2025-07-13 20:00:43,35.91,11.2588,75.7804
2025-07-13 20:00:44,37.12,11.2588,75.7804
2025-07-13 20:00:46,36.79,11.2588,75.7804
2025-07-13 20:00:47,37.24,11.2588,75.7804
2025-07-13 20:00:49,37.39,11.2588,75.7804
2025-07-13 20:00:50,37.58,11.2588,75.7804
2025-07-13 20:00:52,36.17,11.2588,75.7804
2025-07-13 20:00:53,35.24,11.2588,75.7804
2025-07-13 20:00:55,35.45,11.2588,75.7804
2025-07-13 20:00:56,36.5,11.2588,75.7804
2025-07-13 20:00:57,36.05,11.2588,75.7804
2025-07-13 20:00:58,36.47,11.2588,75.7804
2025-07-13 20:01:00,35.67,11.2588,75.7804
2025-07-13 20:01:01,34.86,11.2588,75.7804
2025-07-13 20:01:02,35.72,11.2588,75.7804
2025-07-13 20:01:04,35.69,11.2588,75.7804
2025-07-13 20:01:05,35.03,11.2588,75.7804
2025-07-13 20:01:07,34.02,11.2588,75.7804
2025-07-13 20:01:08,34.07,11.2588,75.7804
2025-07-13 20:31:28,33.22,11.2588,75.7804
2025-07-13 20:31:30,34.22,11.2588,75.7804
2025-07-13 20:31:33,34.56,11.2588,75.7804
2025-07-13 20:31:35,33.82,11.2588,75.7804
2025-07-13 20:31:37,34.66,11.2588,75.7804
2025-07-13 20:31:39,33.65,11.2588,75.7804
2025-07-13 20:31:42,33.71,11.2588,75.7804
2025-07-13 20:31:45,33.11,11.2588,75.7804
2025-07-13 20:31:47,33.3,11.2588,75.7804
2025-07-13 20:31:50,33.04,11.2588,75.7804
2025-07-13 20:31:52,33.38,11.2588,75.7804
2025-07-13 20:31:54,32.77,11.2588,75.7804
2025-07-13 20:31:57,32.08,11.2588,75.7804
2025-07-13 20:32:00,32.36,11.2588,75.7804
2025-07-13 20:32:03,31.8,11.2588,75.7804
2025-07-13 20:32:05,31.49,11.2588,75.7804
2025-07-13 20:32:08,31.42,11.2588,75.7804
2025-07-13 20:32:10,32.34,11.2588,75.7804
2025-07-13 20:32:13,31.32,11.2588,75.7804
2025-07-13 20:32:16,31.59,11.2588,75.7804
2025-07-13 20:32:18,30.9,11.2588,75.7804
2025-07-13 20:32:20,31.28,11.2588,75.7804
2025-07-13 20:32:23,32.59,11.2588,75.7804
2025-07-13 20:32:25,31.81,11.2588,75.7804
2025-07-13 20:32:28,31.33,11.2588,75.7804
2025-07-13 20:32:31,31.85,11.2588,75.7804
2025-07-13 20:32:33,31.84,11.2588,75.7804
2025-07-13 20:32:36,31.39,11.2588,75.7804
2025-07-13 20:32:38,32.1,11.2588,75.7804
2025-07-13 20:32:41,32.57,11.2588,75.7804
2025-07-13 20:32:44,32.56,11.2588,75.7804
2025-07-13 20:32:48,32.48,11.2588,75.7804
2025-07-13 20:32:52,32.96,11.2588,75.7804
2025-07-13 20:32:54,33.35,11.2588,75.7804
2025-07-13 20:32:56,33.26,11.2588,75.7804
2025-07-13 20:32:59,33.2,11.2588,75.7804
2025-07-13 20:33:02,34.26,11.2588,75.7804
2025-07-13 20:33:04,34.88,11.2588,75.7804
2025-07-13 20:33:07,35.13,11.2588,75.7804
2025-07-13 20:33:10,34.48,11.2588,75.7804
2025-07-13 20:33:12,35.3,11.2588,75.7804
2025-07-13 20:33:15,35.29,11.2588,75.7804
2025-07-13 20:33:17,35.1,11.2588,75.7804
2025-07-13 20:33:20,35.76,11.2588,75.7804
2025-07-13 20:33:23,36.43,11.2588,75.7804
2025-07-13 20:33:25,36.79,11.2588,75.7804
2025-07-13 20:33:28,35.88,11.2588,75.7804
2025-07-13 20:33:31,34.69,11.2588,75.7804
2025-07-13 20:33:34,34.28,11.2588,75.7804
2025-07-13 20:33:38,34.63,11.2588,75.7804
2025-07-13 20:33:40,36.44,11.2588,75.7804
2025-07-13 20:33:43,36.73,11.2588,75.7804
2025-07-13 20:33:45,36.48,11.2588,75.7804
2025-07-13 20:33:48,35.78,11.2588,75.7804
2025-07-13 20:33:50,35.77,11.2588,75.7804
2025-07-13 20:33:53,35.98,11.2588,75.7804
2025-07-13 20:33:56,35.59,11.2588,75.7804
2025-07-13 20:33:58,35.38,11.2588,75.7804
2025-07-13 20:34:00,35.81,11.2588,75.7804
2025-07-13 20:34:03,35.58,11.2588,75.7804
2025-07-13 20:34:06,36.72,11.2588,75.7804
2025-07-13 20:34:08,36.04,11.2588,75.7804
2025-07-13 20:34:11,36.65,11.2588,75.7804
2025-07-13 20:34:14,37.38,11.2588,75.7804
2025-07-13 20:34:16,36.74,11.2588,75.7804
2025-07-13 20:34:19,36.88,11.2588,75.7804
2025-07-13 20:34:22,36.11,11.2588,75.7804
2025-07-13 20:34:24,35.43,11.2588,75.7804
2025-07-13 20:34:27,34.75,11.2588,75.7804
2025-07-13 20:34:29,35.21,11.2588,75.7804
2025-07-13 20:34:32,34.66,11.2588,75.7804
2025-07-13 20:34:35,35.03,11.2588,75.7804
2025-07-13 20:34:37,35.19,11.2588,75.7804
2025-07-13 20:34:41,35.84,11.2588,75.7804
2025-07-13 20:34:44,35.87,11.2588,75.7804
2025-07-13 20:34:46,35.52,11.2588,75.7804
2025-07-13 20:34:49,35.63,11.2588,75.7804
2025-07-13 20:34:52,35.4,11.2588,75.7804
2025-07-13 20:34:55,36.89,11.2588,75.7804
2025-07-13 20:34:58,37.03,11.2588,75.7804
2025-07-13 20:35:00,36.91,11.2588,75.7804
2025-07-13 20:35:02,37.36,11.2588,75.7804
2025-07-13 20:35:05,36.72,11.2588,75.7804
2025-07-13 20:35:08,36.45,11.2588,75.7804
2025-07-13 20:35:11,35.13,11.2588,75.7804
2025-07-13 20:35:13,35.67,11.2588,75.7804
2025-07-13 20:35:16,36.34,11.2588,75.7804
2025-07-13 20:35:18,35.75,11.2588,75.7804
2025-07-13 20:35:21,35.8,11.2588,75.7804
2025-07-13 20:35:25,35.69,11.2588,75.7804
2025-07-13 20:35:27,36.95,11.2588,75.7804
2025-07-13 20:35:30,35.86,11.2588,75.7804
2025-07-13 20:35:32,35.0,11.2588,75.7804
2025-07-13 20:35:35,35.78,11.2588,75.7804
2025-07-13 20:35:37,34.94,11.2588,75.7804
2025-07-13 20:35:39,35.25,11.2588,75.7804
2025-07-13 20:35:42,35.29,11.2588,75.7804
2025-07-13 20:35:45,35.08,11.2588,75.7804
2025-07-13 20:35:48,35.33,11.2588,75.7804
2025-07-13 20:35:50,36.64,11.2588,75.7804
2025-07-13 20:35:55,36.12,11.2588,75.7804
2025-07-13 20:35:59,37.0,11.2588,75.7804
2025-07-13 20:36:02,37.29,11.2588,75.7804
2025-07-13 20:39:27,1.25,11.2588,75.7804
2025-07-13 20:39:29,1.38,11.2588,75.7804
2025-07-13 20:39:35,3.1,11.2588,75.7804
2025-07-13 20:39:39,3.73,11.2588,75.7804
2025-07-13 20:39:45,6.25,11.2588,75.7804
2025-07-13 20:39:56,5.23,11.2588,75.7804
2025-07-13 20:40:06,2.43,11.2588,75.7804
2025-07-13 20:40:12,4.18,11.2588,75.7804
2025-07-13 20:40:39,33.05,11.2588,75.7804
2025-07-13 20:40:41,34.03,11.2588,75.7804
2025-07-13 20:40:44,32.27,11.2588,75.7804
2025-07-13 20:40:46,34.15,11.2588,75.7804
2025-07-13 20:40:47,35.27,11.2588,75.7804
2025-07-13 20:40:50,36.31,11.2588,75.7804
2025-07-13 20:40:52,36.04,11.2588,75.7804
2025-07-13 20:40:54,34.73,11.2588,75.7804
2025-07-13 20:40:57,33.42,11.2588,75.7804
2025-07-13 20:40:59,33.02,11.2588,75.7804
2025-07-13 20:41:02,34.69,11.2588,75.7804
2025-07-13 20:41:06,34.58,11.2588,75.7804
2025-07-13 20:41:08,34.59,11.2588,75.7804
2025-07-13 20:41:12,34.13,11.2588,75.7804
2025-07-13 20:41:15,34.7,11.2588,75.7804
2025-07-13 20:41:18,32.72,11.2588,75.7804
2025-07-13 20:41:23,32.24,11.2588,75.7804
2025-07-13 20:41:28,31.89,11.2588,75.7804
2025-07-13 20:41:31,34.46,11.2588,75.7804
2025-07-13 20:41:35,32.5,11.2588,75.7804
2025-07-13 20:41:38,33.95,11.2588,75.7804
2025-07-13 20:41:40,34.91,11.2588,75.7804
2025-07-13 20:41:42,33.77,11.2588,75.7804
2025-07-13 20:41:46,30.84,11.2588,75.7804
2025-07-13 20:41:48,32.8,11.2588,75.7804
2025-07-13 20:41:51,32.61,11.2588,75.7804
2025-07-13 20:42:07,30.4,11.2588,75.7804
2025-07-13 20:42:18,31.77,11.2588,75.7804
2025-07-13 20:42:24,31.65,11.2588,75.7804
2025-07-13 20:42:26,30.97,11.2588,75.7804
2025-07-13 20:42:29,31.47,11.2588,75.7804
2025-07-13 20:42:32,31.8,11.2588,75.7804
2025-07-13 20:42:34,32.25,11.2588,75.7804
2025-07-13 20:42:37,31.65,11.2588,75.7804
2025-07-13 20:42:40,31.31,11.2588,75.7804
2025-07-13 20:42:42,30.54,11.2588,75.7804
2025-07-13 20:42:46,29.91,11.2588,75.7804
2025-07-13 20:42:48,30.33,11.2588,75.7804
2025-07-13 20:42:51,30.62,11.2588,75.7804
2025-07-13 20:42:55,31.58,11.2588,75.7804
2025-07-13 20:42:58,30.03,11.2588,75.7804
2025-07-13 20:43:45,35.29,11.2588,75.7804
2025-07-13 20:43:48,35.08,11.2588,75.7804
2025-07-13 20:43:54,34.85,11.2588,75.7804
2025-07-13 20:43:56,34.22,11.2588,75.7804
2025-07-13 20:43:59,33.42,11.2588,75.7804
2025-07-13 20:44:03,32.98,11.2588,75.7804
2025-07-13 20:44:06,32.0,11.2588,75.7804
2025-07-13 20:44:12,32.86,11.2588,75.7804
2025-07-13 20:44:31,34.21,11.2588,75.7804
2025-07-13 20:46:46,33.43,11.2588,75.7804
2025-07-13 20:46:51,32.99,11.2588,75.7804
2025-07-13 20:46:54,32.85,11.2588,75.7804
2025-07-13 20:46:57,32.09,11.2588,75.7804
2025-07-13 20:47:01,33.91,11.2588,75.7804
2025-07-13 20:47:05,33.34,11.2588,75.7804
2025-07-13 20:47:08,32.87,11.2588,75.7804
2025-07-13 20:47:12,31.63,11.2588,75.7804
2025-07-13 20:47:17,33.84,11.2588,75.7804
2025-07-13 20:47:23,34.53,11.2588,75.7804
2025-07-13 20:47:40,33.62,11.2588,75.7804
2025-07-13 20:47:44,33.69,11.2588,75.7804
2025-07-13 20:47:51,33.67,11.2588,75.7804
2025-07-13 20:47:59,33.27,11.2588,75.7804
2025-07-13 20:48:21,34.36,11.2588,75.7804
2025-07-13 20:48:25,33.86,11.2588,75.7804
2025-07-13 20:49:07,32.95,11.2588,75.7804
2025-07-13 20:49:13,32.76,11.2588,75.7804
2025-07-13 20:49:18,33.83,11.2588,75.7804
2025-07-13 20:49:23,34.89,11.2588,75.7804
2025-07-13 20:49:32,34.67,11.2588,75.7804
2025-07-13 20:49:42,33.41,11.2588,75.7804
2025-07-13 20:49:48,33.15,11.2588,75.7804
2025-07-13 20:49:51,33.75,11.2588,75.7804
2025-07-13 20:49:57,34.2,11.2588,75.7804
2025-07-13 20:49:59,34.67,11.2588,75.7804
2025-07-13 20:50:02,34.19,11.2588,75.7804
2025-07-13 20:50:04,33.92,11.2588,75.7804
2025-07-13 20:50:09,34.76,11.2588,75.7804
2025-07-13 20:50:14,33.96,11.2588,75.7804
2025-07-13 20:50:17,34.13,11.2588,75.7804
2025-07-13 20:50:20,34.72,11.2588,75.7804
2025-07-13 20:50:22,34.45,11.2588,75.7804
2025-07-13 20:50:26,32.89,11.2588,75.7804
2025-07-13 20:50:34,33.5,11.2588,75.7804
2025-07-13 20:50:36,33.16,11.2588,75.7804
2025-07-13 20:50:42,32.42,11.2588,75.7804
2025-07-13 20:50:57,33.16,11.2588,75.7804
2025-07-13 20:51:09,33.3,11.2588,75.7804
2025-07-13 20:53:46,32.99,11.2588,75.7804
2025-07-13 20:53:49,31.66,11.2588,75.7804
2025-07-13 20:53:53,32.04,11.2588,75.7804
2025-07-13 20:53:56,30.49,11.2588,75.7804
2025-07-13 20:53:59,31.0,11.2588,75.7804
2025-07-13 20:54:02,31.6,11.2588,75.7804
2025-07-13 20:54:05,32.47,11.2588,75.7804
2025-07-13 20:54:08,31.34,11.2588,75.7804
2025-07-13 20:54:11,31.67,11.2588,75.7804
2025-07-13 20:54:14,30.27,11.2588,75.7804
2025-07-13 20:54:18,30.61,11.2588,75.7804
2025-07-13 20:54:21,31.31,11.2588,75.7804
2025-07-13 20:54:25,33.59,11.2588,75.7804
2025-07-13 20:54:29,33.78,11.2588,75.7804
2025-07-13 20:54:32,34.22,11.2588,75.7804
2025-07-13 20:54:35,33.82,11.2588,75.7804
2025-07-13 20:54:38,33.39,11.2588,75.7804
2025-07-13 20:54:42,34.18,11.2588,75.7804
2025-07-13 20:54:45,32.4,11.2588,75.7804
2025-07-13 20:54:47,32.2,11.2588,75.7804
2025-07-13 20:54:50,32.11,11.2588,75.7804
2025-07-13 20:54:53,32.02,11.2588,75.7804
2025-07-13 20:54:55,32.01,11.2588,75.7804
2025-07-13 20:54:58,32.39,11.2588,75.7804
2025-07-13 20:55:01,33.66,11.2588,75.7804
2025-07-13 20:55:03,34.52,11.2588,75.7804
2025-07-13 20:55:06,34.02,11.2588,75.7804
2025-07-13 20:55:08,33.5,11.2588,75.7804
2025-07-13 20:55:11,35.16,11.2588,75.7804
2025-07-13 20:55:17,35.82,11.2588,75.7804
2025-07-13 20:55:27,34.34,11.2588,75.7804
2025-07-13 20:55:49,34.2,11.2588,75.7804
2025-07-13 20:55:55,32.94,11.2588,75.7804
2025-07-13 20:56:02,33.79,11.2588,75.7804
2025-07-13 20:56:05,34.08,11.2588,75.7804
2025-07-13 20:56:08,35.28,11.2588,75.7804
2025-07-13 20:56:11,35.92,11.2588,75.7804
2025-07-13 20:56:14,35.43,11.2588,75.7804
2025-07-13 20:56:17,34.72,11.2588,75.7804
2025-07-13 20:56:20,34.63,11.2588,75.7804
2025-07-13 20:57:32,34.05,11.2588,75.7804
2025-07-13 20:57:35,34.1,11.2588,75.7804
2025-07-13 20:57:38,31.99,11.2588,75.7804
2025-07-13 20:57:41,33.48,11.2588,75.7804
2025-07-13 20:57:45,35.24,11.2588,75.7804
2025-07-13 20:57:48,34.28,11.2588,75.7804
2025-07-13 20:57:53,34.05,11.2588,75.7804
2025-07-13 20:57:56,34.45,11.2588,75.7804
2025-07-13 20:57:59,35.11,11.2588,75.7804
2025-07-13 20:58:02,34.86,11.2588,75.7804
2025-07-13 20:59:41,28.05,11.2588,75.7804
2025-07-13 20:59:44,28.9,11.2588,75.7804
2025-07-13 20:59:47,27.99,11.2588,75.7804
2025-07-13 20:59:49,27.57,11.2588,75.7804
2025-07-13 20:59:52,27.74,11.2588,75.7804
2025-07-13 20:59:55,28.1,11.2588,75.7804
2025-07-13 20:59:57,26.64,11.2588,75.7804
2025-07-13 21:00:00,27.04,11.2588,75.7804
2025-07-13 21:00:03,27.99,11.2588,75.7804
2025-07-13 21:00:06,27.87,11.2588,75.7804
2025-07-13 21:00:09,28.39,11.2588,75.7804
2025-07-13 21:21:29,35.33,11.2588,75.7804
2025-07-13 21:21:31,34.24,11.2588,75.7804
2025-07-13 21:21:33,34.7,11.2588,75.7804
2025-07-13 21:21:35,35.15,11.2588,75.7804
2025-07-13 21:21:37,34.51,11.2588,75.7804
2025-07-13 21:21:39,34.93,11.2588,75.7804
2025-07-13 21:21:41,35.24,11.2588,75.7804
2025-07-13 21:21:44,34.5,11.2588,75.7804
2025-07-13 21:21:46,33.94,11.2588,75.7804
2025-07-13 21:21:48,33.19,11.2588,75.7804
2025-07-13 21:21:50,33.79,11.2588,75.7804
2025-07-13 21:21:52,33.76,11.2588,75.7804
2025-07-13 21:21:55,35.51,11.2588,75.7804
2025-07-13 21:21:57,36.69,11.2588,75.7804
2025-07-13 21:21:59,36.45,11.2588,75.7804
2025-07-13 21:22:01,35.41,11.2588,75.7804
2025-07-13 21:22:03,34.05,11.2588,75.7804
2025-07-13 21:26:17,32.12,11.2588,75.7804
2025-07-13 21:26:20,31.43,11.2588,75.7804
2025-07-13 21:26:22,30.71,11.2588,75.7804
2025-07-13 21:26:24,32.29,11.2588,75.7804
2025-07-13 21:26:27,33.59,11.2588,75.7804
2025-07-13 21:26:28,32.95,11.2588,75.7804
2025-07-13 21:26:30,32.5,11.2588,75.7804
2025-07-13 21:26:32,32.32,11.2588,75.7804
2025-07-13 21:26:34,31.59,11.2588,75.7804
2025-07-13 21:27:47,33.33,11.2588,75.7804
2025-07-13 21:27:49,33.44,11.2588,75.7804
2025-07-13 21:27:51,33.05,11.2588,75.7804
2025-07-13 21:27:52,32.68,11.2588,75.7804
2025-07-13 21:27:54,32.26,11.2588,75.7804
2025-07-13 21:27:56,30.97,11.2588,75.7804
2025-07-13 21:27:58,31.3,11.2588,75.7804
2025-07-13 21:28:00,32.35,11.2588,75.7804
2025-07-13 21:28:01,32.72,11.2588,75.7804
2025-07-13 21:28:03,33.13,11.2588,75.7804
2025-07-13 21:28:05,33.67,11.2588,75.7804
2025-07-13 21:28:07,33.54,11.2588,75.7804
2025-07-13 22:21:25,33.87,11.2588,75.7804
2025-07-13 22:21:27,33.12,11.2588,75.7804
2025-07-13 22:21:28,33.14,11.2588,75.7804
2025-07-13 22:21:30,32.85,11.2588,75.7804
2025-07-13 22:21:31,32.1,11.2588,75.7804
2025-07-13 22:21:32,29.83,11.2588,75.7804
2025-07-13 22:21:34,32.34,11.2588,75.7804
2025-07-13 22:21:35,33.27,11.2588,75.7804
2025-07-13 22:21:37,34.37,11.2588,75.7804
2025-07-13 22:21:38,33.56,11.2588,75.7804
2025-07-13 22:21:40,33.45,11.2588,75.7804
2025-07-13 22:21:41,33.17,11.2588,75.7804
2025-07-13 22:21:42,33.44,11.2588,75.7804
2025-07-13 22:21:44,33.01,11.2588,75.7804
2025-07-13 22:21:45,35.75,11.2588,75.7804
2025-07-13 22:21:49,35.02,11.2588,75.7804
2025-07-13 22:21:51,34.14,11.2588,75.7804
2025-07-13 22:21:53,34.49,11.2588,75.7804
2025-07-13 22:21:54,35.51,11.2588,75.7804
2025-07-13 22:21:56,35.04,11.2588,75.7804
2025-07-13 22:21:57,34.86,11.2588,75.7804
2025-07-13 22:21:59,35.38,11.2588,75.7804
2025-07-13 22:22:00,34.4,11.2588,75.7804
2025-07-13 22:22:02,36.13,11.2588,75.7804
2025-07-13 22:22:03,36.6,11.2588,75.7804
2025-07-13 22:22:05,37.38,11.2588,75.7804
2025-07-13 22:22:06,38.27,11.2588,75.7804
2025-07-13 22:22:08,37.06,11.2588,75.7804
2025-07-13 22:24:00,34.96,11.2588,75.7804
2025-07-13 22:24:03,35.09,11.2588,75.7804
2025-07-13 22:24:05,33.29,11.2588,75.7804
2025-07-13 22:24:07,33.67,11.2588,75.7804
2025-07-13 22:24:08,34.65,11.2588,75.7804
2025-07-13 22:24:09,33.37,11.2588,75.7804
2025-07-13 22:24:11,34.96,11.2588,75.7804
2025-07-13 22:24:12,35.64,11.2588,75.7804
2025-07-13 22:24:13,35.55,11.2588,75.7804
2025-07-13 22:24:15,34.96,11.2588,75.7804
2025-07-13 22:24:16,34.48,11.2588,75.7804
2025-07-13 22:24:18,35.17,11.2588,75.7804
2025-07-13 22:24:19,35.76,11.2588,75.7804
2025-07-13 22:24:21,36.85,11.2588,75.7804
2025-07-13 22:24:22,36.15,11.2588,75.7804
2025-07-13 22:24:24,36.04,11.2588,75.7804
2025-07-13 22:24:25,35.85,11.2588,75.7804
2025-07-13 22:24:27,34.08,11.2588,75.7804
2025-07-13 22:24:28,33.78,11.2588,75.7804
2025-07-13 22:24:29,34.46,11.2588,75.7804
2025-07-13 22:24:31,33.27,11.2588,75.7804
2025-07-13 22:24:32,33.47,11.2588,75.7804
2025-07-13 22:24:34,34.42,11.2588,75.7804
2025-07-13 22:24:35,34.2,11.2588,75.7804
2025-07-13 22:24:38,34.9,11.2588,75.7804
2025-07-13 22:24:41,34.68,11.2588,75.7804
2025-07-13 22:26:01,33.28,11.2588,75.7804
2025-07-13 22:26:03,33.15,11.2588,75.7804
2025-07-13 22:26:05,31.97,11.2588,75.7804
2025-07-13 22:26:06,32.3,11.2588,75.7804
2025-07-13 22:26:07,33.7,11.2588,75.7804
2025-07-13 22:26:09,34.64,11.2588,75.7804
2025-07-13 22:26:11,35.09,11.2588,75.7804
2025-07-13 22:26:14,34.42,11.2588,75.7804
2025-07-13 22:26:16,34.14,11.2588,75.7804
2025-07-13 22:26:17,35.13,11.2588,75.7804
2025-07-13 22:26:19,33.26,11.2588,75.7804
2025-07-13 22:26:20,33.61,11.2588,75.7804
2025-07-13 22:26:22,35.52,11.2588,75.7804
2025-07-13 22:26:23,36.46,11.2588,75.7804
2025-07-13 22:26:25,35.88,11.2588,75.7804
2025-07-13 22:26:26,34.61,11.2588,75.7804
2025-07-13 22:26:28,34.06,11.2588,75.7804
2025-07-13 22:26:29,34.79,11.2588,75.7804
2025-07-13 22:26:31,36.27,11.2588,75.7804
2025-07-13 22:26:33,36.1,11.2588,75.7804
2025-07-13 22:26:34,36.64,11.2588,75.7804
2025-07-13 22:26:36,36.43,11.2588,75.7804
2025-07-13 22:26:38,35.25,11.2588,75.7804
2025-07-13 22:26:39,35.89,11.2588,75.7804
2025-07-13 22:26:41,36.44,11.2588,75.7804
2025-07-13 22:26:42,36.62,11.2588,75.7804
2025-07-13 22:26:44,36.65,11.2588,75.7804
2025-07-13 22:26:45,36.15,11.2588,75.7804
2025-07-13 22:26:51,35.53,11.2588,75.7804
2025-07-13 22:26:52,34.84,11.2588,75.7804
2025-07-13 22:26:56,36.41,11.2588,75.7804
2025-07-13 22:26:59,36.43,11.2588,75.7804
2025-07-13 22:27:00,35.49,11.2588,75.7804
2025-07-13 22:27:02,35.33,11.2588,75.7804
2025-07-13 22:27:04,34.45,11.2588,75.7804
2025-07-13 22:37:14,31.91,11.2588,75.7804
2025-07-13 22:37:16,31.8,11.2588,75.7804
2025-07-13 22:37:18,33.53,11.2588,75.7804
2025-07-13 22:37:21,33.18,11.2588,75.7804
2025-07-13 22:37:23,33.38,11.2588,75.7804
2025-07-13 22:37:24,33.41,11.2588,75.7804
2025-07-13 22:37:26,34.26,11.2588,75.7804
2025-07-13 22:37:27,33.84,11.2588,75.7804
2025-07-13 22:37:29,34.54,11.2588,75.7804
2025-07-13 22:37:30,35.14,11.2588,75.7804
2025-07-13 22:37:32,34.54,11.2588,75.7804
2025-07-13 22:37:33,33.93,11.2588,75.7804
2025-07-13 22:37:35,34.89,11.2588,75.7804
2025-07-13 22:37:37,35.33,11.2588,75.7804
2025-07-13 22:39:35,35.13,11.2588,75.7804
2025-07-13 22:39:50,35.7,11.2588,75.7804
2025-07-13 22:39:54,35.61,11.2588,75.7804
2025-07-13 22:39:57,35.3,11.2588,75.7804
2025-07-13 22:40:00,34.17,11.2588,75.7804
2025-07-13 22:40:02,33.9,11.2588,75.7804
2025-07-13 22:40:04,32.22,11.2588,75.7804
2025-07-13 22:40:07,32.14,11.2588,75.7804
2025-07-13 22:40:08,32.05,11.2588,75.7804
2025-07-13 22:40:10,32.4,11.2588,75.7804
2025-07-13 22:40:11,33.51,11.2588,75.7804
2025-07-13 22:40:13,33.76,11.2588,75.7804
2025-07-13 22:40:15,33.94,11.2588,75.7804
2025-07-13 22:42:26,33.91,11.2588,75.7804
2025-07-13 22:42:29,34.17,11.2588,75.7804
2025-07-13 22:42:30,33.78,11.2588,75.7804
2025-07-13 22:42:38,33.54,11.2588,75.7804
2025-07-13 22:42:40,33.36,11.2588,75.7804
2025-07-13 22:42:41,33.16,11.2588,75.7804
2025-07-13 22:42:43,33.47,11.2588,75.7804
2025-07-13 22:42:44,33.91,11.2588,75.7804
2025-07-13 22:42:45,33.8,11.2588,75.7804
2025-07-13 22:42:47,33.6,11.2588,75.7804
2025-07-13 22:42:50,33.18,11.2588,75.7804
2025-07-13 22:42:52,32.71,11.2588,75.7804
2025-07-13 22:42:53,32.81,11.2588,75.7804
2025-07-13 22:42:55,33.63,11.2588,75.7804
2025-07-13 22:42:56,32.57,11.2588,75.7804
2025-07-13 22:46:09,34.44,11.2588,75.7804
2025-07-13 22:46:11,34.96,11.2588,75.7804
2025-07-13 22:46:13,35.24,11.2588,75.7804
2025-07-13 22:46:14,35.44,11.2588,75.7804
2025-07-13 22:46:16,34.89,11.2588,75.7804
2025-07-13 22:46:18,34.27,11.2588,75.7804
2025-07-13 22:46:19,34.43,11.2588,75.7804
2025-07-13 22:46:21,34.31,11.2588,75.7804
2025-07-13 22:46:22,33.39,11.2588,75.7804
2025-07-13 22:46:23,32.47,11.2588,75.7804
2025-07-13 22:46:25,33.4,11.2588,75.7804
2025-07-13 22:46:26,34.04,11.2588,75.7804
2025-07-13 22:46:30,33.97,11.2588,75.7804
2025-07-13 22:46:31,34.55,11.2588,75.7804
2025-07-13 22:46:33,34.38,11.2588,75.7804
2025-07-13 22:46:34,35.25,11.2588,75.7804
2025-07-13 22:46:36,35.3,11.2588,75.7804
2025-07-13 22:46:37,35.46,11.2588,75.7804
2025-07-13 22:46:39,35.87,11.2588,75.7804
2025-07-13 22:46:40,35.67,11.2588,75.7804
2025-07-13 22:46:42,36.0,11.2588,75.7804
2025-07-13 22:46:43,36.33,11.2588,75.7804
2025-07-13 22:46:45,35.82,11.2588,75.7804
2025-07-13 22:46:46,35.37,11.2588,75.7804
2025-07-13 22:46:48,35.66,11.2588,75.7804
2025-07-13 22:46:49,35.08,11.2588,75.7804
2025-07-13 22:46:51,35.98,11.2588,75.7804
2025-07-13 22:46:54,36.27,11.2588,75.7804
2025-07-13 22:46:58,35.67,11.2588,75.7804
2025-07-13 22:47:48,35.71,11.2588,75.7804
2025-07-13 22:48:02,36.69,11.2588,75.7804
2025-07-13 22:48:06,35.66,11.2588,75.7804
2025-07-13 22:52:54,34.97,11.2588,75.7804
2025-07-13 22:52:57,35.59,11.2588,75.7804
2025-07-13 22:52:58,35.66,11.2588,75.7804
2025-07-13 22:53:01,35.44,11.2588,75.7804
2025-07-13 22:53:03,35.16,11.2588,75.7804
2025-07-13 22:53:05,34.31,11.2588,75.7804
2025-07-13 22:53:06,35.22,11.2588,75.7804
2025-07-13 22:53:08,35.34,11.2588,75.7804
2025-07-13 22:53:09,34.62,11.2588,75.7804
2025-07-13 22:53:11,34.75,11.2588,75.7804
2025-07-13 22:53:12,35.5,11.2588,75.7804
2025-07-13 22:53:13,35.91,11.2588,75.7804
2025-07-13 22:53:15,36.44,11.2588,75.7804
2025-07-13 22:53:17,35.25,11.2588,75.7804
2025-07-13 22:53:18,34.81,11.2588,75.7804
2025-07-13 22:53:20,35.19,11.2588,75.7804
2025-07-13 22:53:21,34.97,11.2588,75.7804
2025-07-13 22:53:23,35.03,11.2588,75.7804
2025-07-13 22:53:24,34.72,11.2588,75.7804
2025-07-13 22:53:26,35.56,11.2588,75.7804
2025-07-13 22:55:57,32.87,11.2588,75.7804
2025-07-13 22:56:00,34.37,11.2588,75.7804
2025-07-13 22:56:02,34.03,11.2588,75.7804
2025-07-13 22:56:03,32.94,11.2588,75.7804
2025-07-13 22:56:05,33.75,11.2588,75.7804
2025-07-13 22:56:06,33.59,11.2588,75.7804
2025-07-13 22:56:07,33.29,11.2588,75.7804
2025-07-13 22:56:08,33.52,11.2588,75.7804
2025-07-13 22:56:10,33.43,11.2588,75.7804
2025-07-13 22:56:11,35.29,11.2588,75.7804
2025-07-13 22:56:12,35.9,11.2588,75.7804
2025-07-13 22:56:14,34.07,11.2588,75.7804
2025-07-13 22:56:15,33.97,11.2588,75.7804
2025-07-13 22:56:18,34.35,11.2588,75.7804
2025-07-13 22:56:22,34.9,11.2588,75.7804
2025-07-13 22:56:24,35.77,11.2588,75.7804
2025-07-13 22:56:29,36.09,11.2588,75.7804
2025-07-13 22:56:32,35.9,11.2588,75.7804
2025-07-13 22:56:34,35.64,11.2588,75.7804
2025-07-13 22:56:35,35.15,11.2588,75.7804
2025-07-13 22:56:37,34.43,11.2588,75.7804
2025-07-13 22:56:38,35.34,11.2588,75.7804
2025-07-13 22:56:40,35.09,11.2588,75.7804
2025-07-13 22:56:41,35.63,11.2588,75.7804
2025-07-13 22:56:43,35.82,11.2588,75.7804
2025-07-13 22:56:45,35.35,11.2588,75.7804
2025-07-13 22:56:48,34.92,11.2588,75.7804
2025-07-13 22:56:52,34.75,11.2588,75.7804
2025-07-13 22:56:55,34.71,11.2588,75.7804
2025-07-13 22:56:57,34.9,11.2588,75.7804
2025-07-13 22:56:59,33.95,11.2588,75.7804
2025-07-13 22:57:00,34.16,11.2588,75.7804
2025-07-13 22:58:17,36.48,11.2588,75.7804
2025-07-13 22:58:19,37.59,11.2588,75.7804
2025-07-13 22:58:21,38.36,11.2588,75.7804
2025-07-13 22:58:22,38.19,11.2588,75.7804
2025-07-13 22:58:23,38.54,11.2588,75.7804
2025-07-13 22:58:25,38.21,11.2588,75.7804
2025-07-13 22:58:26,40.0,11.2588,75.7804
2025-07-13 22:58:28,38.66,11.2588,75.7804
2025-07-13 22:58:29,38.92,11.2588,75.7804
2025-07-13 22:58:31,38.32,11.2588,75.7804
2025-07-13 22:58:32,40.06,11.2588,75.7804
2025-07-13 22:58:34,39.11,11.2588,75.7804
2025-07-13 22:58:35,38.46,11.2588,75.7804
2025-07-13 22:58:37,39.04,11.2588,75.7804
2025-07-13 22:58:38,40.27,11.2588,75.7804
2025-07-13 22:58:40,39.34,11.2588,75.7804
2025-07-13 22:58:43,39.03,11.2588,75.7804
2025-07-13 22:58:44,39.7,11.2588,75.7804
2025-07-13 22:58:46,39.15,11.2588,75.7804
2025-07-13 22:58:47,39.43,11.2588,75.7804
2025-07-13 22:58:49,39.86,11.2588,75.7804
2025-07-13 22:58:50,38.53,11.2588,75.7804
2025-07-13 22:58:52,39.25,11.2588,75.7804
2025-07-13 22:58:54,38.99,11.2588,75.7804
2025-07-13 22:58:56,38.8,11.2588,75.7804
2025-07-13 22:58:57,39.74,11.2588,75.7804
2025-07-13 22:58:59,40.28,11.2588,75.7804
2025-07-13 22:59:00,41.08,11.2588,75.7804
2025-07-13 22:59:02,40.44,11.2588,75.7804
2025-07-13 22:59:03,40.2,11.2588,75.7804
2025-07-13 22:59:05,39.4,11.2588,75.7804
2025-07-13 22:59:07,38.65,11.2588,75.7804
2025-07-13 22:59:08,38.56,11.2588,75.7804
2025-07-13 22:59:10,39.24,11.2588,75.7804
2025-07-13 22:59:11,39.4,11.2588,75.7804
2025-07-13 22:59:13,39.18,11.2588,75.7804
2025-07-13 22:59:15,37.56,11.2588,75.7804
2025-07-13 22:59:16,39.26,11.2588,75.7804
2025-07-13 23:06:00,23.62,11.2588,75.7804
2025-07-13 23:06:02,23.07,11.2588,75.7804
2025-07-13 23:06:06,24.66,11.2588,75.7804
2025-07-13 23:06:08,23.55,11.2588,75.7804
2025-07-13 23:06:09,25.28,11.2588,75.7804
2025-07-13 23:06:10,23.79,11.2588,75.7804
2025-07-13 23:06:12,22.82,11.2588,75.7804
2025-07-13 23:06:13,23.55,11.2588,75.7804
2025-07-13 23:06:15,23.36,11.2588,75.7804
2025-07-13 23:06:17,23.77,11.2588,75.7804
2025-07-13 23:06:19,25.4,11.2588,75.7804
2025-07-13 23:06:21,22.39,11.2588,75.7804
2025-07-13 23:06:23,21.45,11.2588,75.7804
2025-07-13 23:07:59,23.0,11.2588,75.7804
2025-07-13 23:08:01,25.44,11.2588,75.7804
2025-07-13 23:08:02,21.25,11.2588,75.7804
2025-07-13 23:08:04,21.12,11.2588,75.7804
2025-07-13 23:08:05,22.59,11.2588,75.7804
2025-07-13 23:08:06,21.87,11.2588,75.7804
2025-07-13 23:08:07,24.86,11.2588,75.7804
2025-07-13 23:08:09,22.94,11.2588,75.7804
2025-07-13 23:08:10,24.31,11.2588,75.7804
2025-07-13 23:08:11,23.93,11.2588,75.7804
2025-07-13 23:08:13,23.37,11.2588,75.7804
2025-07-13 23:08:14,23.84,11.2588,75.7804
2025-07-13 23:08:15,22.0,11.2588,75.7804
2025-07-13 23:08:16,24.21,11.2588,75.7804
2025-07-13 23:08:18,24.54,11.2588,75.7804
2025-07-13 23:08:19,20.6,11.2588,75.7804
2025-07-13 23:08:21,24.0,11.2588,75.7804
2025-07-13 23:08:22,24.91,11.2588,75.7804
2025-07-13 23:08:24,26.03,11.2588,75.7804
2025-07-13 23:08:26,23.49,11.2588,75.7804
2025-07-13 23:08:30,25.95,11.2588,75.7804
2025-07-13 23:11:45,22.45,11.2588,75.7804
2025-07-13 23:11:48,23.84,11.2588,75.7804
2025-07-13 23:11:49,22.43,11.2588,75.7804
2025-07-13 23:11:50,24.3,11.2588,75.7804
2025-07-13 23:11:52,22.96,11.2588,75.7804
2025-07-13 23:11:53,24.7,11.2588,75.7804
2025-07-13 23:11:55,22.83,11.2588,75.7804
2025-07-13 23:11:56,23.05,11.2588,75.7804
2025-07-13 23:11:58,23.85,11.2588,75.7804
2025-07-13 23:11:59,22.95,11.2588,75.7804
2025-07-13 23:12:00,24.44,11.2588,75.7804
2025-07-13 23:12:02,24.64,11.2588,75.7804
2025-07-13 23:12:03,24.42,11.2588,75.7804
2025-07-13 23:12:05,26.8,11.2588,75.7804
2025-07-13 23:12:10,23.72,11.2588,75.7804
2025-07-13 23:12:33,26.1,11.2588,75.7804
2025-07-13 23:12:40,25.04,11.2588,75.7804
2025-07-13 23:12:47,24.16,11.2588,75.7804
2025-07-13 23:12:50,25.01,11.2588,75.7804
2025-07-13 23:12:53,23.03,11.2588,75.7804
2025-07-13 23:12:55,24.0,11.2588,75.7804
2025-07-13 23:12:58,25.31,11.2588,75.7804
2025-07-13 23:13:01,24.81,11.2588,75.7804
2025-07-13 23:13:02,25.83,11.2588,75.7804
2025-07-13 23:13:04,24.2,11.2588,75.7804
2025-07-13 23:13:06,23.89,11.2588,75.7804
2025-07-13 23:13:08,25.12,11.2588,75.7804
2025-07-13 23:13:09,23.7,11.2588,75.7804
2025-07-13 23:13:11,22.49,11.2588,75.7804
2025-07-13 23:13:12,26.35,11.2588,75.7804
2025-07-13 23:13:14,26.14,11.2588,75.7804
2025-07-13 23:13:17,26.08,11.2588,75.7804
2025-07-13 23:13:19,25.98,11.2588,75.7804
2025-07-13 23:13:21,24.28,11.2588,75.7804
2025-07-13 23:13:22,25.39,11.2588,75.7804
2025-07-13 23:13:24,23.17,11.2588,75.7804
2025-07-13 23:13:26,24.19,11.2588,75.7804
2025-07-13 23:13:27,24.83,11.2588,75.7804
2025-07-13 23:13:29,23.78,11.2588,75.7804
2025-07-13 23:13:30,23.92,11.2588,75.7804
2025-07-13 23:13:32,23.5,11.2588,75.7804
2025-07-13 23:13:34,21.64,11.2588,75.7804
2025-07-13 23:13:35,20.8,11.2588,75.7804
2025-07-13 23:13:37,22.92,11.2588,75.7804
2025-07-13 23:13:39,22.33,11.2588,75.7804
2025-07-13 23:13:40,23.82,11.2588,75.7804
2025-07-13 23:13:42,23.86,11.2588,75.7804
2025-07-13 23:13:43,22.88,11.2588,75.7804
2025-07-13 23:13:45,24.12,11.2588,75.7804
2025-07-13 23:13:47,23.85,11.2588,75.7804
2025-07-13 23:13:49,21.59,11.2588,75.7804
2025-07-13 23:13:50,24.64,11.2588,75.7804
2025-07-13 23:13:53,24.5,11.2588,75.7804
2025-07-13 23:13:55,22.76,11.2588,75.7804
2025-07-13 23:13:57,21.96,11.2588,75.7804
2025-07-13 23:13:59,22.92,11.2588,75.7804
2025-07-13 23:14:00,23.41,11.2588,75.7804
2025-07-13 23:14:02,23.33,11.2588,75.7804
2025-07-13 23:14:03,20.67,11.2588,75.7804
2025-07-13 23:14:05,23.56,11.2588,75.7804
2025-07-13 23:14:06,20.9,11.2588,75.7804
2025-07-13 23:14:08,23.65,11.2588,75.7804
2025-07-13 23:14:09,22.05,11.2588,75.7804
2025-07-13 23:14:11,21.78,11.2588,75.7804
2025-07-13 23:14:13,25.28,11.2588,75.7804
2025-07-13 23:14:14,24.92,11.2588,75.7804
2025-07-13 23:14:16,24.74,11.2588,75.7804
2025-07-13 23:14:18,25.53,11.2588,75.7804
2025-07-13 23:14:19,26.94,11.2588,75.7804
2025-07-13 23:14:21,23.74,11.2588,75.7804
2025-07-13 23:14:23,24.62,11.2588,75.7804
2025-07-13 23:14:25,22.91,11.2588,75.7804
2025-07-13 23:14:27,24.78,11.2588,75.7804
2025-07-13 23:14:35,25.15,11.2588,75.7804
2025-07-13 23:14:37,24.86,11.2588,75.7804
2025-07-13 23:14:39,26.17,11.2588,75.7804
2025-07-13 23:14:41,23.84,11.2588,75.7804
2025-07-13 23:14:43,19.81,11.2588,75.7804
2025-07-13 23:48:06,33.41,11.2588,75.7804
2025-07-13 23:48:08,32.49,11.2588,75.7804
2025-07-13 23:48:10,33.91,11.2588,75.7804
2025-07-13 23:48:11,31.21,11.2588,75.7804
2025-07-13 23:48:13,31.67,11.2588,75.7804
2025-07-13 23:48:15,32.24,11.2588,75.7804
2025-07-13 23:48:16,33.05,11.2588,75.7804
2025-07-13 23:48:18,32.28,11.2588,75.7804
2025-07-13 23:50:27,34.48,11.2588,75.7804
2025-07-13 23:50:29,34.63,11.2588,75.7804
2025-07-13 23:50:31,34.83,11.2588,75.7804
2025-07-13 23:50:34,34.35,11.2588,75.7804
2025-07-13 23:52:31,30.13,11.2588,75.7804
2025-07-13 23:54:38,30.94,11.2588,75.7804
2025-07-13 23:54:41,30.9,11.2588,75.7804
2025-07-13 23:54:42,30.47,11.2588,75.7804
2025-07-13 23:54:44,28.83,11.2588,75.7804
2025-07-13 23:54:45,30.16,11.2588,75.7804
2025-07-13 23:54:46,29.17,11.2588,75.7804
2025-07-13 23:54:48,30.4,11.2588,75.7804
2025-07-13 23:54:49,28.97,11.2588,75.7804
2025-07-13 23:54:50,29.59,11.2588,75.7804
2025-07-13 23:54:52,29.74,11.2588,75.7804
2025-07-13 23:54:53,28.47,11.2588,75.7804
2025-07-14 00:10:06,35.61,11.2588,75.7804
2025-07-14 00:10:08,35.55,11.2588,75.7804
2025-07-14 00:10:10,35.12,11.2588,75.7804
2025-07-14 00:10:11,35.32,11.2588,75.7804
2025-07-14 00:10:12,35.37,11.2588,75.7804
2025-07-14 00:10:16,35.43,11.2588,75.7804
2025-07-14 00:10:20,34.5,11.2588,75.7804
2025-07-14 00:10:23,33.65,11.2588,75.7804
2025-07-14 00:10:25,34.24,11.2588,75.7804
2025-07-14 00:10:27,34.48,11.2588,75.7804
2025-07-14 00:10:30,34.41,11.2588,75.7804
2025-07-14 00:10:34,33.92,11.2588,75.7804
2025-07-14 00:10:42,34.84,11.2588,75.7804
2025-07-14 00:10:52,35.78,11.2588,75.7804
2025-07-14 00:10:56,34.2,11.2588,75.7804
2025-07-14 00:11:05,35.02,11.2588,75.7804
2025-07-14 00:11:25,34.83,11.2588,75.7804
2025-07-14 00:11:27,34.52,11.2588,75.7804
2025-07-14 00:11:29,33.43,11.2588,75.7804
2025-07-14 00:11:30,33.84,11.2588,75.7804
2025-07-14 00:11:32,34.48,11.2588,75.7804
2025-07-14 00:11:34,33.4,11.2588,75.7804
2025-07-14 15:49:11,0.2,11.2588,75.7804
2025-07-14 15:49:16,0.49,11.2588,75.7804
2025-07-14 15:49:21,0.74,11.2588,75.7804
2025-07-14 15:49:26,0.1,11.2588,75.7804
2025-07-14 15:49:32,0.0,11.2588,75.7804
2025-07-14 15:49:39,0.0,11.2588,75.7804
2025-07-14 15:49:44,0.0,11.2588,75.7804
2025-07-14 15:49:49,0.2,11.2588,75.7804
2025-07-14 15:49:54,0.44,11.2588,75.7804
2025-07-14 15:49:59,0.34,11.2588,75.7804
2025-07-14 15:50:05,0.34,11.2588,75.7804
2025-07-14 15:50:10,0.25,11.2588,75.7804
2025-07-14 15:50:15,0.39,11.2588,75.7804
2025-07-14 15:50:20,0.98,11.2588,75.7804
2025-07-14 15:50:25,0.74,11.2588,75.7804
2025-07-14 15:50:30,0.05,11.2588,75.7804
2025-07-14 15:52:11,0.12,11.2588,75.7804
2025-07-14 15:52:16,1.22,11.2588,75.7804
2025-07-14 15:52:21,0.12,11.2588,75.7804
2025-07-14 15:52:27,0.0,11.2588,75.7804
2025-07-14 15:52:32,0.0,11.2588,75.7804
2025-07-14 15:53:52,0.28,11.2588,75.7804
2025-07-14 15:53:57,0.61,11.2588,75.7804
2025-07-14 15:54:02,0.55,11.2588,75.7804
2025-07-14 15:54:07,0.06,11.2588,75.7804
2025-07-14 15:54:41,0.00,11.2588,75.7804
2025-07-14 15:54:46,0.00,11.2588,75.7804
2025-07-14 15:54:51,0.00,11.2588,75.7804
2025-07-14 15:54:56,0.00,11.2588,75.7804
2025-07-14 15:55:01,0.00,11.2588,75.7804
2025-07-14 15:55:08,0.00,11.2588,75.7804
2025-07-14 15:55:14,0.00,11.2588,75.7804
2025-07-14 15:55:19,0.00,11.2588,75.7804
2025-07-14 15:55:24,0.00,11.2588,75.7804
2025-07-14 15:55:30,0.00,11.2588,75.7804
2025-07-14 15:55:35,0.00,11.2588,75.7804
2025-07-14 15:55:40,0.00,11.2588,75.7804
2025-07-14 15:55:46,0.00,11.2588,75.7804
2025-07-14 15:55:51,0.00,11.2588,75.7804
2025-07-14 15:55:56,0.00,11.2588,75.7804
2025-07-14 15:56:01,0.00,11.2588,75.7804
2025-07-14 15:56:06,0.00,11.2588,75.7804
2025-07-14 15:56:11,0.00,11.2588,75.7804
