Frame,DensityPercentage
14,2.62
15,2.59
16,2.6
17,2.56
18,2.57
19,2.61
20,2.67
21,2.66
22,2.63
23,2.67
24,2.66
25,2.64
26,2.61
27,2.58
28,2.59
29,2.57
30,2.58
31,2.61
32,2.66
33,2.6
34,2.63
35,2.67
36,2.65
37,2.63
38,2.58
39,2.6
40,2.6
41,2.59
42,2.63
43,2.66
44,2.64
45,2.61
46,2.58
47,2.56
48,2.58
49,2.59
50,2.62
51,2.66
52,2.62
53,2.59
54,2.55
55,2.56
56,2.57
57,2.58
58,2.64
59,2.66
60,2.63
61,2.6
62,2.58
63,2.57
64,2.57
65,2.61
66,2.65
67,2.64
68,2.59
69,2.58
70,2.57
71,2.57
72,2.58
73,2.57
74,2.6
75,2.65
76,2.64
77,2.58
78,2.56
79,2.55
80,2.57
81,2.57
82,2.56
83,2.59
84,2.65
85,2.65
86,2.63
87,2.6
88,2.59
89,2.6
90,2.66
91,2.64
92,2.59
93,2.58
94,2.56
95,2.58
96,2.59
97,2.64
98,2.66
99,2.65
100,2.68
101,2.63
102,2.63
103,2.61
104,2.64
105,2.68
106,2.71
107,2.7
108,2.7
109,2.65
110,2.63
111,2.59
112,2.62
113,2.64
114,2.63
115,2.66
116,2.61
117,2.66
118,2.7
119,2.69
120,2.7
121,2.69
122,2.63
123,2.62
124,2.61
125,2.62
126,2.65
127,2.7
128,2.71
129,2.7
130,2.68
131,2.62
132,2.61
133,2.62
134,2.62
135,2.65
136,2.75
137,2.7
138,2.67
139,2.62
140,2.62
141,2.62
142,2.64
143,2.63
144,2.67
145,2.97
146,2.52
147,2.65
148,2.68
149,2.65
150,2.62
151,2.61
152,2.63
153,2.63
154,2.65
155,2.7
156,2.7
157,2.68
158,2.67
159,2.66
160,2.64
161,2.64
162,2.63
163,2.63
164,2.6
165,2.63
166,2.65
167,2.69
168,2.68
169,2.66
170,2.66
171,2.63
172,2.66
173,2.65
174,2.61
175,2.6
176,2.58
177,2.57
178,2.58
179,2.58
180,2.58
181,2.61
182,2.64
183,2.62
184,3.51,2025-07-22 17:22:03,37
185,3.51,2025-07-22 17:22:03,38
186,3.51,2025-07-22 17:22:03,38
187,3.51,2025-07-22 17:22:03,38
188,3.51,2025-07-22 17:22:03,38
189,3.51,2025-07-22 17:22:08,38
190,3.52,2025-07-22 17:22:08,39
191,3.52,2025-07-22 17:22:08,39
192,3.53,2025-07-22 17:22:08,39
193,3.53,2025-07-22 17:22:08,39
194,3.52,2025-07-22 17:22:14,39
195,3.53,2025-07-22 17:22:14,40
196,3.54,2025-07-22 17:22:14,40
197,3.53,2025-07-22 17:22:14,40
198,3.54,2025-07-22 17:22:14,40
199,3.56,2025-07-22 17:22:19,40
200,3.63,2025-07-22 17:22:19,41
201,3.59,2025-07-22 17:22:19,41
202,3.58,2025-07-22 17:22:19,41
203,3.58,2025-07-22 17:22:19,41
204,3.59,2025-07-22 17:22:24,41
205,3.6,2025-07-22 17:22:24,42
206,3.6,2025-07-22 17:22:24,42
207,3.59,2025-07-22 17:22:24,42
208,3.61,2025-07-22 17:22:24,42
209,3.62,2025-07-22 17:22:30,42
210,3.6,2025-07-22 17:22:30,43
211,3.6,2025-07-22 17:22:30,43
212,3.6,2025-07-22 17:22:30,43
213,3.62,2025-07-22 17:22:30,43
214,3.61,2025-07-22 17:22:37,43
215,3.62,2025-07-22 17:22:37,44
216,3.62,2025-07-22 17:22:37,44
217,3.62,2025-07-22 17:22:37,44
218,3.6,2025-07-22 17:22:37,44
219,3.61,2025-07-22 17:22:40,44
220,3.61,2025-07-22 17:22:40,45
221,3.61,2025-07-22 17:22:40,45
222,3.6,2025-07-22 17:22:40,45
223,3.6,2025-07-22 17:22:40,45
224,3.61,2025-07-22 17:22:45,45
225,3.63,2025-07-22 17:22:45,46
226,3.63,2025-07-22 17:22:45,46
227,3.61,2025-07-22 17:22:45,46
228,3.63,2025-07-22 17:22:45,46
229,3.61,2025-07-22 17:22:51,46
230,3.6,2025-07-22 17:22:51,47
231,3.61,2025-07-22 17:22:51,47
232,3.6,2025-07-22 17:22:51,47
233,3.62,2025-07-22 17:22:51,47
234,3.6,2025-07-22 17:22:56,47
235,3.61,2025-07-22 17:22:56,48
236,3.61,2025-07-22 17:22:56,48
237,3.6,2025-07-22 17:22:56,48
238,3.61,2025-07-22 17:22:56,48
239,3.62,2025-07-22 17:23:01,48
240,3.61,2025-07-22 17:23:01,49
241,3.6,2025-07-22 17:23:01,49
242,3.62,2025-07-22 17:23:01,49
243,3.6,2025-07-22 17:23:01,49
244,3.59,2025-07-22 17:23:07,49
245,3.61,2025-07-22 17:23:07,50
246,3.6,2025-07-22 17:23:07,50
247,3.61,2025-07-22 17:23:07,50
248,3.6,2025-07-22 17:23:07,50
249,3.61,2025-07-22 17:23:12,50
250,3.6,2025-07-22 17:23:12,51
251,3.6,2025-07-22 17:23:12,51
252,3.6,2025-07-22 17:23:12,51
253,3.61,2025-07-22 17:23:12,51
254,3.6,2025-07-22 17:23:17,51
255,3.61,2025-07-22 17:23:17,52
256,3.6,2025-07-22 17:23:17,52
257,3.6,2025-07-22 17:23:17,52
258,3.61,2025-07-22 17:23:17,52
259,3.6,2025-07-22 17:23:22,52
260,3.62,2025-07-22 17:23:22,53
261,3.6,2025-07-22 17:23:22,53
262,3.6,2025-07-22 17:23:22,53
263,3.6,2025-07-22 17:23:22,53
264,3.6,2025-07-22 17:23:28,53
265,3.6,2025-07-22 17:23:28,54
266,3.6,2025-07-22 17:23:28,54
267,3.59,2025-07-22 17:23:28,54
268,3.8,2025-07-22 17:23:28,54
269,3.62,2025-07-22 17:24:56,54
270,5.07,2025-07-22 17:24:56,55
271,4.16,2025-07-22 17:24:56,55
272,4.24,2025-07-22 17:24:56,55
273,2.43,2025-07-22 17:26:43,55
274,2.37,2025-07-22 17:26:43,55
275,2.38,2025-07-22 17:26:43,56
276,2.42,2025-07-22 17:26:43,56
277,2.41,2025-07-22 17:26:43,56
278,2.39,2025-07-22 17:26:49,56
279,2.4,2025-07-22 17:26:49,56
280,2.41,2025-07-22 17:26:49,57
281,2.41,2025-07-22 17:26:49,57
282,2.44,2025-07-22 17:26:49,57
283,2.36,2025-07-22 17:26:54,57
284,2.51,2025-07-22 17:26:54,57
285,2.82,2025-07-22 17:26:54,58
286,3.78,2025-07-22 17:26:54,58
287,1.13,2025-07-22 17:26:54,58
288,2.4,2025-07-22 17:27:00,58
289,1.42,2025-07-22 17:27:00,58
290,2.93,2025-07-22 17:27:00,59
291,3.07,2025-07-22 17:27:00,59
292,2.81,2025-07-22 17:27:00,59
293,2.7,2025-07-22 17:27:05,59
294,2.71,2025-07-22 17:27:05,59
295,2.7,2025-07-22 17:27:05,60
296,2.72,2025-07-22 17:27:05,60
297,2.71,2025-07-22 17:27:05,60
298,2.92,2025-07-22 17:27:10,60
299,2.82,2025-07-22 17:27:10,60
300,2.78,2025-07-22 17:27:10,61
301,2.61,2025-07-22 17:27:10,61
302,2.62,2025-07-22 17:27:10,61
303,2.63,2025-07-22 17:27:15,61
304,2.63,2025-07-22 17:27:15,61
305,2.63,2025-07-22 17:27:15,62
306,2.63,2025-07-22 17:27:15,62
307,2.65,2025-07-22 17:27:15,62
308,2.66,2025-07-22 17:27:21,62
309,2.67,2025-07-22 17:27:21,62
310,2.7,2025-07-22 17:27:21,63
311,2.91,2025-07-22 17:27:21,63
312,3.25,2025-07-22 17:27:21,63
313,2.88,2025-07-22 17:27:27,63
314,2.75,2025-07-22 17:27:27,63
315,2.73,2025-07-22 17:27:27,64
316,2.73,2025-07-22 17:27:27,64
317,2.74,2025-07-22 17:27:27,64
318,2.75,2025-07-22 17:27:32,64
319,2.76,2025-07-22 17:27:32,64
320,2.75,2025-07-22 17:27:32,65
321,2.77,2025-07-22 17:27:32,65
322,2.23,2025-07-22 17:27:32,65
323,1.99,2025-07-22 17:27:36,65
324,2.19,2025-07-22 17:27:36,65
325,2.8,2025-07-22 17:27:36,66
326,2.82,2025-07-22 17:27:36,66
327,2.82,2025-07-22 17:27:36,66
328,2.83,2025-07-22 17:27:45,66
329,2.84,2025-07-22 17:27:45,66
330,2.85,2025-07-22 17:27:45,67
331,2.44,2025-07-22 17:27:45,67
332,2.15,2025-07-22 17:27:45,67
333,2.36,2025-07-22 17:27:48,67
334,2.88,2025-07-22 17:27:48,67
335,2.9,2025-07-22 17:27:48,68
336,2.9,2025-07-22 17:27:48,68
337,2.91,2025-07-22 17:27:48,68
338,2.91,2025-07-22 17:27:53,68
339,2.92,2025-07-22 17:27:53,68
340,2.92,2025-07-22 17:27:53,69
341,2.93,2025-07-22 17:27:53,69
342,2.93,2025-07-22 17:27:53,69
343,2.94,2025-07-22 17:27:59,69
344,2.95,2025-07-22 17:27:59,69
345,2.96,2025-07-22 17:27:59,70
346,2.96,2025-07-22 17:27:59,70
347,2.98,2025-07-22 17:27:59,70
348,2.98,2025-07-22 17:28:04,70
349,3.0,2025-07-22 17:28:04,70
350,3.0,2025-07-22 17:28:04,71
351,3.0,2025-07-22 17:28:04,71
352,3.01,2025-07-22 17:28:04,71
353,3.02,2025-07-22 17:28:08,71
354,3.04,2025-07-22 17:28:08,71
355,3.03,2025-07-22 17:28:08,72
356,3.04,2025-07-22 17:28:08,72
357,3.04,2025-07-22 17:28:08,72
358,3.05,2025-07-22 17:28:14,72
359,3.06,2025-07-22 17:28:14,72
360,3.07,2025-07-22 17:28:14,73
361,3.11,2025-07-22 17:28:14,73
362,3.11,2025-07-22 17:28:14,73
363,3.1,2025-07-22 17:28:19,73
364,3.14,2025-07-22 17:28:19,73
365,3.16,2025-07-22 17:28:19,74
366,2.3,2025-07-22 17:28:19,74
367,3.09,2025-07-22 17:28:19,74
368,3.12,2025-07-22 17:28:25,74
369,3.09,2025-07-22 17:28:25,74
370,3.0,2025-07-22 17:28:25,75
371,3.0,2025-07-22 17:28:25,75
372,2.99,2025-07-22 17:28:25,75
373,3.06,2025-07-22 17:28:30,75
374,3.04,2025-07-22 17:28:30,75
375,3.03,2025-07-22 17:28:30,76
376,3.01,2025-07-22 17:28:30,76
377,2.97,2025-07-22 17:28:30,76
378,2.99,2025-07-22 17:28:35,76
379,2.99,2025-07-22 17:28:35,76
380,3.0,2025-07-22 17:28:35,77
381,3.01,2025-07-22 17:28:35,77
382,3.01,2025-07-22 17:28:35,77
383,3.02,2025-07-22 17:28:41,77
384,3.03,2025-07-22 17:28:41,77
385,3.02,2025-07-22 17:28:41,78
386,3.02,2025-07-22 17:28:41,78
387,3.02,2025-07-22 17:28:41,78
388,3.04,2025-07-22 17:28:45,78
389,3.0,2025-07-22 17:28:45,78
390,3.04,2025-07-22 17:28:45,79
391,3.26,2025-07-22 17:28:45,79
392,3.18,2025-07-22 17:28:45,79
393,2.97,2025-07-22 17:28:53,79
394,2.96,2025-07-22 17:28:53,79
395,3.08,2025-07-22 17:28:53,80
396,2.99,2025-07-22 17:28:53,80
397,2.98,2025-07-22 17:28:53,80
398,2.97,2025-07-22 17:28:56,80
399,2.98,2025-07-22 17:28:56,80
400,2.98,2025-07-22 17:28:56,81
401,3.12,2025-07-22 17:28:56,81
402,3.0,2025-07-22 17:28:56,81
403,3.0,2025-07-22 17:29:02,81
404,3.02,2025-07-22 17:29:02,81
405,3.02,2025-07-22 17:29:02,82
406,3.1,2025-07-22 17:29:02,82
407,3.01,2025-07-22 17:29:02,82
408,2.69,2025-07-22 17:29:06,82
409,2.7,2025-07-22 17:29:06,82
410,2.68,2025-07-22 17:29:06,83
411,2.7,2025-07-22 17:29:06,83
412,2.67,2025-07-22 17:29:06,83
413,2.64,2025-07-22 17:29:12,83
414,2.64,2025-07-22 17:29:12,83
415,2.65,2025-07-22 17:29:12,84
416,2.65,2025-07-22 17:29:12,84
417,2.64,2025-07-22 17:29:12,84
418,2.64,2025-07-22 17:29:17,84
419,2.64,2025-07-22 17:29:17,84
420,2.64,2025-07-22 17:29:17,85
421,2.65,2025-07-22 17:29:17,85
422,2.65,2025-07-22 17:29:17,85
423,2.65,2025-07-22 17:29:22,85
424,2.7,2025-07-22 17:29:22,85
425,2.87,2025-07-22 17:29:22,86
426,2.65,2025-07-22 17:29:22,86
427,2.67,2025-07-22 17:29:22,86
428,2.67,2025-07-22 17:29:28,86
429,2.67,2025-07-22 17:29:28,86
430,2.68,2025-07-22 17:29:28,87
431,2.68,2025-07-22 17:29:28,87
432,2.67,2025-07-22 17:29:28,87
433,2.76,2025-07-22 17:29:33,87
434,2.61,2025-07-22 17:29:33,87
435,2.67,2025-07-22 17:29:33,88
436,2.69,2025-07-22 17:29:33,88
437,2.68,2025-07-22 17:29:33,88
438,2.78,2025-07-22 17:29:38,88
439,2.76,2025-07-22 17:29:38,88
440,2.68,2025-07-22 17:29:38,89
441,2.69,2025-07-22 17:29:38,89
442,2.69,2025-07-22 17:29:38,89
443,2.7,2025-07-22 17:29:43,89
444,2.69,2025-07-22 17:29:43,89
445,2.75,2025-07-22 17:29:43,90
446,2.8,2025-07-22 17:29:43,90
447,2.69,2025-07-22 17:29:43,90
448,2.69,2025-07-22 17:29:50,90
449,2.71,2025-07-22 17:29:50,90
450,2.85,2025-07-22 17:29:50,91
451,2.91,2025-07-22 17:29:50,91
452,2.73,2025-07-22 17:29:50,91
453,2.71,2025-07-22 17:29:54,91
454,2.72,2025-07-22 17:29:54,91
455,2.72,2025-07-22 17:29:54,92
456,2.73,2025-07-22 17:29:54,92
457,2.68,2025-07-22 17:29:54,92
458,2.7,2025-07-22 17:30:01,92
459,2.71,2025-07-22 17:30:01,92
460,2.71,2025-07-22 17:30:01,93
461,2.83,2025-07-22 17:30:01,93
462,2.72,2025-07-22 17:30:01,93
463,2.71,2025-07-22 17:30:06,93
464,2.71,2025-07-22 17:30:06,93
465,2.71,2025-07-22 17:30:06,94
466,2.71,2025-07-22 17:30:06,94
467,2.72,2025-07-22 17:30:06,94
468,2.73,2025-07-22 17:30:11,94
469,2.73,2025-07-22 17:30:11,94
470,2.73,2025-07-22 17:30:11,95
471,2.73,2025-07-22 17:30:11,95
472,2.72,2025-07-22 17:30:11,95
473,2.76,2025-07-22 17:30:15,95
474,2.77,2025-07-22 17:30:15,95
475,2.82,2025-07-22 17:30:15,96
476,2.79,2025-07-22 17:30:15,96
477,2.76,2025-07-22 17:30:15,96
478,2.75,2025-07-22 17:30:21,96
479,2.77,2025-07-22 17:30:21,96
480,2.78,2025-07-22 17:30:21,97
481,2.78,2025-07-22 17:30:21,97
482,2.79,2025-07-22 17:30:21,97
483,2.77,2025-07-22 17:30:27,97
484,2.8,2025-07-22 17:30:27,97
485,2.88,2025-07-22 17:30:27,98
486,2.81,2025-07-22 17:30:27,98
487,2.86,2025-07-22 17:30:27,98
488,2.91,2025-07-22 17:30:34,98
489,2.88,2025-07-22 17:30:34,98
490,2.93,2025-07-22 17:30:34,99
491,2.92,2025-07-22 17:30:34,99
492,2.88,2025-07-22 17:30:34,99
493,2.89,2025-07-22 17:30:36,99
494,2.85,2025-07-22 17:30:36,99
495,2.82,2025-07-22 17:30:36,100
496,2.82,2025-07-22 17:30:36,100
497,2.82,2025-07-22 17:30:36,100
498,2.83,2025-07-22 17:30:42,100
499,2.83,2025-07-22 17:30:42,100
500,2.82,2025-07-22 17:30:42,101
501,2.81,2025-07-22 17:30:42,101
502,2.81,2025-07-22 17:30:42,101
503,2.82,2025-07-22 17:30:47,101
504,2.83,2025-07-22 17:30:47,101
505,2.82,2025-07-22 17:30:47,102
506,2.82,2025-07-22 17:30:47,102
507,2.83,2025-07-22 17:30:47,102
508,2.84,2025-07-22 17:30:53,102
509,2.84,2025-07-22 17:30:53,102
510,2.84,2025-07-22 17:30:53,103
511,2.86,2025-07-22 17:30:53,103
512,2.86,2025-07-22 17:30:53,103
513,2.86,2025-07-22 17:30:58,103
514,2.86,2025-07-22 17:30:58,103
515,2.87,2025-07-22 17:30:58,104
516,2.87,2025-07-22 17:30:58,104
517,2.87,2025-07-22 17:30:58,104
518,2.56,2025-07-22 17:31:03,104
519,2.55,2025-07-22 17:31:03,104
520,2.86,2025-07-22 17:31:03,105
521,2.87,2025-07-22 17:31:03,105
522,2.88,2025-07-22 17:31:03,105
523,2.86,2025-07-22 17:31:10,105
524,2.91,2025-07-22 17:31:10,105
525,2.82,2025-07-22 17:31:10,106
526,2.81,2025-07-22 17:31:10,106
527,2.82,2025-07-22 17:31:10,106
528,2.82,2025-07-22 17:31:15,106
529,2.83,2025-07-22 17:31:15,106
530,2.83,2025-07-22 17:31:15,107
531,2.92,2025-07-22 17:31:15,107
532,2.89,2025-07-22 17:31:15,107
533,2.75,2025-07-22 17:31:18,107
534,2.62,2025-07-22 17:31:18,107
535,2.41,2025-07-22 17:31:18,108
536,2.85,2025-07-22 17:31:18,108
537,3.13,2025-07-22 17:31:18,108
538,2.75,2025-07-22 17:31:23,108
539,2.45,2025-07-22 17:31:23,108
540,2.41,2025-07-22 17:31:23,109
541,2.43,2025-07-22 17:31:23,109
542,2.38,2025-07-22 17:31:23,109
543,2.46,2025-07-22 17:31:30,109
544,2.51,2025-07-22 17:31:30,109
545,2.59,2025-07-22 17:31:30,110
546,2.57,2025-07-22 17:31:30,110
547,2.55,2025-07-22 17:31:30,110
548,2.59,2025-07-22 17:31:35,110
549,2.53,2025-07-22 17:31:35,110
550,2.47,2025-07-22 17:31:35,111
551,2.44,2025-07-22 17:31:35,111
552,2.42,2025-07-22 17:31:35,111
553,2.42,2025-07-22 17:31:43,111
554,2.42,2025-07-22 17:31:43,111
555,2.41,2025-07-22 17:31:43,112
556,2.42,2025-07-22 17:31:43,112
557,2.43,2025-07-22 17:31:43,112
558,2.43,2025-07-22 17:31:45,112
559,2.42,2025-07-22 17:31:45,112
560,2.44,2025-07-22 17:31:45,113
561,2.54,2025-07-22 17:31:45,113
562,2.47,2025-07-22 17:31:45,113
563,2.44,2025-07-22 17:31:50,113
564,2.47,2025-07-22 17:31:50,113
565,2.47,2025-07-22 17:31:50,114
566,2.47,2025-07-22 17:31:50,114
567,2.48,2025-07-22 17:31:50,114
568,2.48,2025-07-22 17:31:55,114
569,2.48,2025-07-22 17:31:55,114
570,2.49,2025-07-22 17:31:55,115
571,2.5,2025-07-22 17:31:55,115
572,2.49,2025-07-22 17:31:55,115
573,2.2,2025-07-22 17:32:01,115
574,2.54,2025-07-22 17:32:01,115
575,2.52,2025-07-22 17:32:01,116
576,2.54,2025-07-22 17:32:01,116
577,2.54,2025-07-22 17:32:01,116
578,2.56,2025-07-22 17:32:06,116
579,2.53,2025-07-22 17:32:06,116
580,2.61,2025-07-22 17:32:06,117
581,2.62,2025-07-22 17:32:06,117
582,2.58,2025-07-22 17:32:06,117
583,2.58,2025-07-22 17:32:13,117
584,2.61,2025-07-22 17:32:13,117
585,2.62,2025-07-22 17:32:13,118
586,2.59,2025-07-22 17:32:13,118
587,2.58,2025-07-22 17:32:13,118
588,2.59,2025-07-22 17:32:17,118
589,2.61,2025-07-22 17:32:17,118
590,2.65,2025-07-22 17:32:17,119
591,2.65,2025-07-22 17:32:17,119
592,2.65,2025-07-22 17:32:17,119
593,2.66,2025-07-22 17:32:22,119
594,2.67,2025-07-22 17:32:22,119
595,2.69,2025-07-22 17:32:22,120
596,2.68,2025-07-22 17:32:22,120
597,2.7,2025-07-22 17:32:22,120
598,2.71,2025-07-22 17:32:27,120
599,2.82,2025-07-22 17:32:27,120
600,2.58,2025-07-22 17:32:27,121
601,2.68,2025-07-22 17:32:27,121
602,2.68,2025-07-22 17:32:27,121
603,2.69,2025-07-22 17:32:33,121
604,2.71,2025-07-22 17:32:33,121
605,2.71,2025-07-22 17:32:33,122
606,2.73,2025-07-22 17:32:33,122
607,2.74,2025-07-22 17:32:33,122
608,2.79,2025-07-22 17:32:38,122
609,2.78,2025-07-22 17:32:38,122
610,3.24,2025-07-22 17:32:38,123
611,3.56,2025-07-22 17:32:38,123
612,3.1,2025-07-22 17:32:38,123
613,2.94,2025-07-22 17:32:44,123
614,2.73,2025-07-22 17:32:44,123
615,2.71,2025-07-22 17:32:44,124
616,2.73,2025-07-22 17:32:44,124
617,2.73,2025-07-22 17:32:44,124
618,2.74,2025-07-22 17:32:50,124
619,2.76,2025-07-22 17:32:50,124
620,2.76,2025-07-22 17:32:50,125
621,2.76,2025-07-22 17:32:50,125
622,2.79,2025-07-22 17:32:50,125
623,2.79,2025-07-22 17:32:55,125
624,2.79,2025-07-22 17:32:55,125
625,2.81,2025-07-22 17:32:55,126
626,2.83,2025-07-22 17:32:55,126
627,2.83,2025-07-22 17:32:55,126
628,2.84,2025-07-22 17:33:00,126
629,2.84,2025-07-22 17:33:00,126
630,2.84,2025-07-22 17:33:00,127
631,2.73,2025-07-22 17:33:00,127
632,2.82,2025-07-22 17:33:00,127
633,2.82,2025-07-22 17:33:04,127
634,2.9,2025-07-22 17:33:04,127
635,2.91,2025-07-22 17:33:04,128
636,2.92,2025-07-22 17:33:04,128
637,2.86,2025-07-22 17:33:04,128
638,2.78,2025-07-22 17:33:09,128
639,2.39,2025-07-22 17:33:09,128
640,2.9,2025-07-22 17:33:09,129
641,2.84,2025-07-22 17:33:09,129
642,2.86,2025-07-22 17:33:09,129
643,2.71,2025-07-22 17:33:16,129
644,2.78,2025-07-22 17:33:16,129
645,2.78,2025-07-22 17:33:16,130
646,2.75,2025-07-22 17:33:16,130
647,2.74,2025-07-22 17:33:16,130
648,2.31,2025-07-22 17:33:21,130
649,2.4,2025-07-22 17:33:21,130
650,2.36,2025-07-22 17:33:21,131
651,2.33,2025-07-22 17:33:21,131
652,2.26,2025-07-22 17:33:21,131
653,2.26,2025-07-22 17:33:25,131
654,2.34,2025-07-22 17:33:25,131
655,2.29,2025-07-22 17:33:25,132
656,2.4,2025-07-22 17:33:25,132
657,2.48,2025-07-22 17:33:25,132
658,2.51,2025-07-22 17:33:31,132
659,2.47,2025-07-22 17:33:31,132
660,2.49,2025-07-22 17:33:31,133
661,2.49,2025-07-22 17:33:31,133
662,2.48,2025-07-22 17:33:31,133
663,2.48,2025-07-22 17:33:37,133
664,2.44,2025-07-22 17:33:37,133
665,2.78,2025-07-22 17:33:37,134
666,2.9,2025-07-22 17:33:37,134
667,2.91,2025-07-22 17:33:37,134
668,2.91,2025-07-22 17:33:42,134
669,2.9,2025-07-22 17:33:42,134
670,2.9,2025-07-22 17:33:42,135
671,2.92,2025-07-22 17:33:42,135
672,2.91,2025-07-22 17:33:42,135
673,2.92,2025-07-22 17:33:46,135
674,2.9,2025-07-22 17:33:46,135
675,2.98,2025-07-22 17:33:46,136
676,3.02,2025-07-22 17:33:46,136
677,2.94,2025-07-22 17:33:46,136
678,3.04,2025-07-22 17:33:53,136
679,3.23,2025-07-22 17:33:53,136
680,3.03,2025-07-22 17:33:53,137
681,3.02,2025-07-22 17:33:53,137
682,2.91,2025-07-22 17:33:53,137
683,2.94,2025-07-22 17:34:00,137
684,2.93,2025-07-22 17:34:00,137
685,2.92,2025-07-22 17:34:00,138
686,2.9,2025-07-22 17:34:00,138
687,2.89,2025-07-22 17:34:00,138
688,3.07,2025-07-22 17:34:03,138
689,2.88,2025-07-22 17:34:03,138
690,2.91,2025-07-22 17:34:03,139
691,2.89,2025-07-22 17:34:03,139
692,2.93,2025-07-22 17:34:03,139
693,2.95,2025-07-22 17:34:08,139
694,2.9,2025-07-22 17:34:08,139
695,2.9,2025-07-22 17:34:08,140
696,2.89,2025-07-22 17:34:08,140
697,2.91,2025-07-22 17:34:08,140
698,2.91,2025-07-22 17:34:13,140
699,2.9,2025-07-22 17:34:13,140
700,2.94,2025-07-22 17:34:13,141
701,2.39,2025-07-22 17:34:13,141
702,2.84,2025-07-22 17:34:13,141
703,3.06,2025-07-22 17:34:18,141
704,3.4,2025-07-22 17:34:18,141
705,3.6,2025-07-22 17:34:18,142
706,2.61,2025-07-22 17:34:18,142
707,2.8,2025-07-22 17:34:18,142
708,2.76,2025-07-22 17:34:24,142
709,2.78,2025-07-22 17:34:24,142
710,2.78,2025-07-22 17:34:24,143
711,2.78,2025-07-22 17:34:24,143
712,2.79,2025-07-22 17:34:24,143
713,2.78,2025-07-22 17:34:29,143
714,2.8,2025-07-22 17:34:29,143
715,2.81,2025-07-22 17:34:29,144
716,2.81,2025-07-22 17:34:29,144
717,2.81,2025-07-22 17:34:29,144
718,3.08,2025-07-22 17:34:35,144
719,2.96,2025-07-22 17:34:35,144
720,2.78,2025-07-22 17:34:35,145
721,2.78,2025-07-22 17:34:35,145
722,2.79,2025-07-22 17:34:35,145
723,2.81,2025-07-22 17:34:40,145
724,2.81,2025-07-22 17:34:40,145
725,2.79,2025-07-22 17:34:40,146
726,2.8,2025-07-22 17:34:40,146
727,2.73,2025-07-22 17:34:40,146
728,2.81,2025-07-22 17:34:45,146
729,2.82,2025-07-22 17:34:45,146
730,2.85,2025-07-22 17:34:45,147
731,3.03,2025-07-22 17:34:45,147
732,3.07,2025-07-22 17:34:45,147
733,3.03,2025-07-22 17:34:50,147
734,2.96,2025-07-22 17:34:50,147
735,2.88,2025-07-22 17:34:50,148
736,2.9,2025-07-22 17:34:50,148
737,2.94,2025-07-22 17:34:50,148
738,2.95,2025-07-22 17:34:55,148
739,2.96,2025-07-22 17:34:55,148
740,3.0,2025-07-22 17:34:55,149
741,3.02,2025-07-22 17:34:55,149
742,3.09,2025-07-22 17:34:55,149
743,3.01,2025-07-22 17:35:01,149
744,3.05,2025-07-22 17:35:01,149
745,3.01,2025-07-22 17:35:01,150
746,3.03,2025-07-22 17:35:01,150
747,3.02,2025-07-22 17:35:01,150
748,2.9,2025-07-22 17:35:09,150
749,2.8,2025-07-22 17:35:09,150
750,2.79,2025-07-22 17:35:09,151
751,2.79,2025-07-22 17:35:09,151
752,2.81,2025-07-22 17:35:09,151
753,2.84,2025-07-22 17:35:12,151
754,2.84,2025-07-22 17:35:12,151
755,2.85,2025-07-22 17:35:12,152
756,2.84,2025-07-22 17:35:12,152
757,2.85,2025-07-22 17:35:12,152
758,2.86,2025-07-22 17:35:16,152
759,3.01,2025-07-22 17:35:16,152
760,2.95,2025-07-22 17:35:16,153
761,2.95,2025-07-22 17:35:16,153
762,2.96,2025-07-22 17:35:16,153
763,2.91,2025-07-22 17:35:21,153
764,2.75,2025-07-22 17:35:21,153
765,2.69,2025-07-22 17:35:21,154
766,2.78,2025-07-22 17:35:21,154
767,2.94,2025-07-22 17:35:21,154
768,2.87,2025-07-22 17:35:27,154
769,2.91,2025-07-22 17:35:27,154
770,2.22,2025-07-22 17:35:27,155
771,3.03,2025-07-22 17:35:27,155
772,3.0,2025-07-22 17:35:27,155
773,2.98,2025-07-22 17:35:32,155
774,2.98,2025-07-22 17:35:32,155
775,3.0,2025-07-22 17:35:32,156
776,3.01,2025-07-22 17:35:32,156
777,3.02,2025-07-22 17:35:32,156
778,2.92,2025-07-22 17:35:41,156
779,3.08,2025-07-22 17:35:41,156
780,2.77,2025-07-22 17:35:41,157
781,2.77,2025-07-22 17:35:41,157
782,2.78,2025-07-22 17:35:41,157
783,2.79,2025-07-22 17:35:44,157
784,2.83,2025-07-22 17:35:44,157
785,2.85,2025-07-22 17:35:44,158
786,2.93,2025-07-22 17:35:44,158
787,2.91,2025-07-22 17:35:44,158
788,2.99,2025-07-22 17:35:47,158
789,3.04,2025-07-22 17:35:47,158
790,2.92,2025-07-22 17:35:47,159
791,2.93,2025-07-22 17:35:47,159
792,2.92,2025-07-22 17:35:47,159
793,2.91,2025-07-22 17:35:54,159
794,2.96,2025-07-22 17:35:54,159
795,2.89,2025-07-22 17:35:54,160
796,2.94,2025-07-22 17:35:54,160
797,2.88,2025-07-22 17:35:54,160
798,2.91,2025-07-22 17:36:00,160
799,2.92,2025-07-22 17:36:00,160
800,2.87,2025-07-22 17:36:00,161
801,2.9,2025-07-22 17:36:00,161
802,2.9,2025-07-22 17:36:00,161
803,2.89,2025-07-22 17:36:05,161
804,2.86,2025-07-22 17:36:05,161
805,2.83,2025-07-22 17:36:05,162
806,2.83,2025-07-22 17:36:05,162
807,2.81,2025-07-22 17:36:05,162
808,2.82,2025-07-22 17:36:10,162
809,2.85,2025-07-22 17:36:10,162
810,2.91,2025-07-22 17:36:10,163
811,2.91,2025-07-22 17:36:10,163
812,2.91,2025-07-22 17:36:10,163
813,2.93,2025-07-22 17:36:15,163
814,2.92,2025-07-22 17:36:15,163
815,2.91,2025-07-22 17:36:15,164
816,2.91,2025-07-22 17:36:15,164
817,2.92,2025-07-22 17:36:15,164
818,2.93,2025-07-22 17:36:32,164
819,2.94,2025-07-22 17:36:32,164
820,2.99,2025-07-22 17:36:32,165
821,3.09,2025-07-22 17:36:32,165
822,2.93,2025-07-22 17:36:32,165
823,2.9,2025-07-22 17:36:36,165
824,2.9,2025-07-22 17:36:36,165
825,2.94,2025-07-22 17:36:36,166
826,2.93,2025-07-22 17:36:36,166
827,2.91,2025-07-22 17:36:36,166
828,2.92,2025-07-22 17:36:38,166
829,2.89,2025-07-22 17:36:38,166
830,2.88,2025-07-22 17:36:38,167
831,2.89,2025-07-22 17:36:38,167
832,2.89,2025-07-22 17:36:38,167
833,2.31,2025-07-22 17:36:40,167
834,3.1,2025-07-22 17:36:40,167
835,3.11,2025-07-22 17:36:40,168
836,3.01,2025-07-22 17:36:40,168
837,3.03,2025-07-22 17:36:40,168
838,3.09,2025-07-22 17:36:44,168
839,3.13,2025-07-22 17:36:44,168
840,3.04,2025-07-22 17:36:44,169
841,3.04,2025-07-22 17:36:44,169
842,3.26,2025-07-22 17:36:44,169
843,3.22,2025-07-22 17:36:46,169
844,3.12,2025-07-22 17:36:46,169
845,3.15,2025-07-22 17:36:46,170
846,3.17,2025-07-22 17:36:46,170
847,3.17,2025-07-22 17:36:46,170
848,3.29,2025-07-22 17:36:51,170
849,2.66,2025-07-22 17:36:51,170
850,2.79,2025-07-22 17:36:51,171
851,2.79,2025-07-22 17:36:51,171
852,2.8,2025-07-22 17:36:51,171
853,2.8,2025-07-22 17:36:57,171
854,2.81,2025-07-22 17:36:57,171
855,2.89,2025-07-22 17:36:57,172
856,2.92,2025-07-22 17:36:57,172
857,2.96,2025-07-22 17:36:57,172
858,2.91,2025-07-22 17:37:02,172
859,2.87,2025-07-22 17:37:02,172
860,2.88,2025-07-22 17:37:02,173
861,2.81,2025-07-22 17:37:02,173
862,2.65,2025-07-22 17:37:02,173
863,2.76,2025-07-22 17:37:09,173
864,2.62,2025-07-22 17:37:09,173
865,2.86,2025-07-22 17:37:09,174
866,2.82,2025-07-22 17:37:09,174
867,2.79,2025-07-22 17:37:09,174
868,2.8,2025-07-22 17:37:15,174
869,2.8,2025-07-22 17:37:15,174
870,2.89,2025-07-22 17:37:15,175
871,3.36,2025-07-22 17:37:15,175
872,3.34,2025-07-22 17:37:15,175
873,3.09,2025-07-22 17:37:19,175
874,3.09,2025-07-22 17:37:19,175
875,3.06,2025-07-22 17:37:19,176
876,2.26,2025-07-22 17:37:19,176
877,3.15,2025-07-22 17:37:19,176
878,3.04,2025-07-22 17:37:26,176
879,3.03,2025-07-22 17:37:26,176
880,3.03,2025-07-22 17:37:26,177
881,3.03,2025-07-22 17:37:26,177
882,3.05,2025-07-22 17:37:26,177
883,2.9,2025-07-22 17:37:32,177
884,2.95,2025-07-22 17:37:32,177
885,3.16,2025-07-22 17:37:32,178
886,3.17,2025-07-22 17:37:32,178
887,3.09,2025-07-22 17:37:32,178
888,2.55,2025-07-22 17:37:37,178
889,2.63,2025-07-22 17:37:37,178
890,2.8,2025-07-22 17:37:37,179
891,2.9,2025-07-22 17:37:37,179
892,2.92,2025-07-22 17:37:37,179
893,2.97,2025-07-22 17:37:42,179
894,2.96,2025-07-22 17:37:42,179
895,2.91,2025-07-22 17:37:42,180
896,2.81,2025-07-22 17:37:42,180
897,2.76,2025-07-22 17:37:42,180
898,2.76,2025-07-22 17:37:48,180
899,2.74,2025-07-22 17:37:48,180
900,2.75,2025-07-22 17:37:48,181
901,2.76,2025-07-22 17:37:48,181
902,2.77,2025-07-22 17:37:48,181
903,2.83,2025-07-22 17:37:53,181
904,2.71,2025-07-22 17:37:53,181
905,2.67,2025-07-22 17:37:53,182
906,2.65,2025-07-22 17:37:53,182
907,2.65,2025-07-22 17:37:53,182
908,2.65,2025-07-22 17:37:58,182
909,2.64,2025-07-22 17:37:58,182
910,2.65,2025-07-22 17:37:58,183
911,2.64,2025-07-22 17:37:58,183
912,2.64,2025-07-22 17:37:58,183
913,2.65,2025-07-22 17:38:04,183
914,2.63,2025-07-22 17:38:04,183
915,2.63,2025-07-22 17:38:04,184
916,2.65,2025-07-22 17:38:04,184
917,2.91,2025-07-22 17:38:04,184
918,3.42,2025-07-22 17:38:09,184
919,3.36,2025-07-22 17:38:09,184
920,3.02,2025-07-22 17:38:09,185
921,2.78,2025-07-22 17:38:09,185
922,2.78,2025-07-22 17:38:09,185
923,2.76,2025-07-22 17:38:14,185
924,2.94,2025-07-22 17:38:14,185
925,2.83,2025-07-22 17:38:14,186
926,2.75,2025-07-22 17:38:14,186
927,2.74,2025-07-22 17:38:14,186
928,2.73,2025-07-22 17:38:20,186
929,2.74,2025-07-22 17:38:20,186
930,2.73,2025-07-22 17:38:20,187
931,2.75,2025-07-22 17:38:20,187
932,2.74,2025-07-22 17:38:20,187
933,2.73,2025-07-22 17:38:23,187
934,2.74,2025-07-22 17:38:23,187
935,2.72,2025-07-22 17:38:23,188
936,2.75,2025-07-22 17:38:23,188
937,2.71,2025-07-22 17:38:23,188
938,2.87,2025-07-22 17:38:32,188
939,2.83,2025-07-22 17:38:32,188
940,2.72,2025-07-22 17:38:32,189
941,2.72,2025-07-22 17:38:32,189
942,2.71,2025-07-22 17:38:32,189
943,2.72,2025-07-22 17:38:35,189
944,2.72,2025-07-22 17:38:35,189
945,2.71,2025-07-22 17:38:35,190
946,2.72,2025-07-22 17:38:35,190
947,2.77,2025-07-22 17:38:35,190
948,2.71,2025-07-22 17:38:40,190
949,2.71,2025-07-22 17:38:40,190
950,2.7,2025-07-22 17:38:40,191
951,2.75,2025-07-22 17:38:40,191
952,2.77,2025-07-22 17:38:40,191
953,2.79,2025-07-22 17:38:46,191
954,2.77,2025-07-22 17:38:46,191
955,2.78,2025-07-22 17:38:46,192
956,2.52,2025-07-22 17:38:46,192
957,2.84,2025-07-22 17:38:46,192
958,2.76,2025-07-22 17:38:51,192
959,2.7,2025-07-22 17:38:51,192
960,2.66,2025-07-22 17:38:51,193
961,2.12,2025-07-22 17:38:51,193
962,2.15,2025-07-22 17:38:51,193
963,3.13,2025-07-22 17:38:55,193
964,3.17,2025-07-22 17:38:55,193
965,3.18,2025-07-22 17:38:55,194
966,3.18,2025-07-22 17:38:55,194
967,3.2,2025-07-22 17:38:55,194
968,3.23,2025-07-22 17:39:00,194
969,3.2,2025-07-22 17:39:00,194
970,3.14,2025-07-22 17:39:00,195
971,3.13,2025-07-22 17:39:00,195
972,3.26,2025-07-22 17:39:00,195
973,3.2,2025-07-22 17:39:07,195
974,3.1,2025-07-22 17:39:07,195
975,3.12,2025-07-22 17:39:07,196
976,3.12,2025-07-22 17:39:07,196
977,3.12,2025-07-22 17:39:07,196
978,3.12,2025-07-22 17:39:12,196
979,3.11,2025-07-22 17:39:12,196
980,3.1,2025-07-22 17:39:12,197
981,3.09,2025-07-22 17:39:12,197
982,3.07,2025-07-22 17:39:12,197
983,3.04,2025-07-22 17:39:16,197
984,3.1,2025-07-22 17:39:16,197
985,2.88,2025-07-22 17:39:16,198
986,2.83,2025-07-22 17:39:16,198
987,2.81,2025-07-22 17:39:16,198
988,2.81,2025-07-22 17:39:22,198
989,2.82,2025-07-22 17:39:22,198
990,2.81,2025-07-22 17:39:22,199
991,2.82,2025-07-22 17:39:22,199
992,2.83,2025-07-22 17:39:22,199
993,2.82,2025-07-22 17:39:29,199
994,2.83,2025-07-22 17:39:29,199
995,2.83,2025-07-22 17:39:29,200
996,2.84,2025-07-22 17:39:29,200
997,2.83,2025-07-22 17:39:29,200
998,2.83,2025-07-22 17:39:33,200
999,2.82,2025-07-22 17:39:33,200
1000,2.84,2025-07-22 17:39:33,201
1001,2.83,2025-07-22 17:39:33,201
1002,2.83,2025-07-22 17:39:33,201
1003,2.85,2025-07-22 17:39:42,201
1004,2.85,2025-07-22 17:39:42,201
1005,2.85,2025-07-22 17:39:42,202
1006,2.85,2025-07-22 17:39:42,202
1007,2.86,2025-07-22 17:39:42,202
1008,2.88,2025-07-22 17:39:45,202
1009,2.9,2025-07-22 17:39:45,202
1010,2.89,2025-07-22 17:39:45,203
1011,2.9,2025-07-22 17:39:45,203
1012,2.97,2025-07-22 17:39:45,203
1013,2.92,2025-07-22 17:39:49,203
1014,2.95,2025-07-22 17:39:49,203
1015,2.96,2025-07-22 17:39:49,204
1016,3.04,2025-07-22 17:39:49,204
1017,2.88,2025-07-22 17:39:49,204
1018,2.89,2025-07-22 17:39:57,204
1019,2.89,2025-07-22 17:39:57,204
1020,2.89,2025-07-22 17:39:57,205
1021,2.9,2025-07-22 17:39:57,205
1022,2.91,2025-07-22 17:39:57,205
1023,2.92,2025-07-22 17:40:00,205
1024,2.92,2025-07-22 17:40:00,205
1025,3.0,2025-07-22 17:40:00,206
1026,2.95,2025-07-22 17:40:00,206
1027,2.95,2025-07-22 17:40:00,206
1028,2.95,2025-07-22 17:40:04,206
1029,2.96,2025-07-22 17:40:04,206
1030,2.97,2025-07-22 17:40:04,207
1031,2.97,2025-07-22 17:40:04,207
1032,2.98,2025-07-22 17:40:04,207
1033,2.99,2025-07-22 17:40:10,207
1034,2.98,2025-07-22 17:40:10,207
1035,3.0,2025-07-22 17:40:10,208
1036,3.02,2025-07-22 17:40:10,208
1037,3.02,2025-07-22 17:40:10,208
1038,3.04,2025-07-22 17:40:15,208
1039,3.04,2025-07-22 17:40:15,208
1040,3.08,2025-07-22 17:40:15,209
1041,3.13,2025-07-22 17:40:15,209
1042,3.04,2025-07-22 17:40:15,209
1043,3.02,2025-07-22 17:40:20,209
1044,3.03,2025-07-22 17:40:20,209
1045,3.07,2025-07-22 17:40:20,210
1046,3.14,2025-07-22 17:40:20,210
1047,3.12,2025-07-22 17:40:20,210
1048,3.11,2025-07-22 17:40:28,210
1049,3.1,2025-07-22 17:40:28,210
1050,3.11,2025-07-22 17:40:28,211
1051,3.11,2025-07-22 17:40:28,211
1052,3.11,2025-07-22 17:40:28,211
1053,3.1,2025-07-22 17:40:31,211
1054,3.1,2025-07-22 17:40:31,211
1055,3.12,2025-07-22 17:40:31,212
1056,3.13,2025-07-22 17:40:31,212
1057,3.14,2025-07-22 17:40:31,212
1058,3.16,2025-07-22 17:40:37,212
1059,3.16,2025-07-22 17:40:37,212
1060,3.06,2025-07-22 17:40:37,213
1061,3.08,2025-07-22 17:40:37,213
1062,3.1,2025-07-22 17:40:37,213
1063,3.11,2025-07-22 17:40:43,213
1064,3.11,2025-07-22 17:40:43,213
1065,3.12,2025-07-22 17:40:43,214
1066,3.2,2025-07-22 17:40:43,214
1067,3.22,2025-07-22 17:40:43,214
1068,3.22,2025-07-22 17:40:48,214
1069,3.18,2025-07-22 17:40:48,214
1070,3.17,2025-07-22 17:40:48,215
1071,3.14,2025-07-22 17:40:48,215
1072,3.21,2025-07-22 17:40:48,215
1073,3.17,2025-07-22 17:40:55,215
1074,3.19,2025-07-22 17:40:55,215
1075,3.19,2025-07-22 17:40:55,216
1076,3.18,2025-07-22 17:40:55,216
1077,3.18,2025-07-22 17:40:55,216
1078,3.19,2025-07-22 17:40:59,216
1079,3.2,2025-07-22 17:40:59,216
1080,3.19,2025-07-22 17:40:59,217
1081,3.19,2025-07-22 17:40:59,217
1082,3.12,2025-07-22 17:40:59,217
1083,3.12,2025-07-22 17:41:03,217
1084,3.12,2025-07-22 17:41:03,217
1085,3.13,2025-07-22 17:41:03,218
1086,3.14,2025-07-22 17:41:03,218
1087,3.14,2025-07-22 17:41:03,218
1088,3.14,2025-07-22 17:41:09,218
1089,3.13,2025-07-22 17:41:09,218
1090,3.15,2025-07-22 17:41:09,219
1091,3.15,2025-07-22 17:41:09,219
1092,3.14,2025-07-22 17:41:09,219
1093,3.17,2025-07-22 17:41:16,219
1094,3.16,2025-07-22 17:41:16,219
1095,3.17,2025-07-22 17:41:16,220
1096,3.18,2025-07-22 17:41:16,220
1097,3.17,2025-07-22 17:41:16,220
1098,3.35,2025-07-22 17:41:22,220
1099,3.17,2025-07-22 17:41:22,220
1100,3.11,2025-07-22 17:41:22,221
1101,3.14,2025-07-22 17:41:22,221
1102,3.13,2025-07-22 17:41:22,221
1103,3.15,2025-07-22 17:41:31,221
1104,3.19,2025-07-22 17:41:31,221
1105,3.22,2025-07-22 17:41:31,222
1106,3.32,2025-07-22 17:41:31,222
1107,3.11,2025-07-22 17:41:31,222
1108,3.57,2025-07-22 17:41:34,222
1109,2.84,2025-07-22 17:41:34,222
1110,2.73,2025-07-22 17:41:34,223
1111,2.7,2025-07-22 17:41:34,223
1112,2.76,2025-07-22 17:41:34,223
1113,2.84,2025-07-22 17:41:38,223
1114,2.91,2025-07-22 17:41:38,223
1115,2.91,2025-07-22 17:41:38,224
1116,2.86,2025-07-22 17:41:38,224
1117,2.98,2025-07-22 17:41:38,224
1118,3.04,2025-07-22 17:41:42,224
1119,3.02,2025-07-22 17:41:42,224
1120,2.97,2025-07-22 17:41:42,225
1121,2.99,2025-07-22 17:41:42,225
1122,2.98,2025-07-22 17:41:42,225
1123,2.97,2025-07-22 17:41:48,225
1124,2.93,2025-07-22 17:41:48,225
1125,2.91,2025-07-22 17:41:48,226
1126,2.93,2025-07-22 17:41:48,226
1127,2.94,2025-07-22 17:41:48,226
1128,2.92,2025-07-22 17:41:53,226
1129,2.94,2025-07-22 17:41:53,226
1130,2.95,2025-07-22 17:41:53,227
1131,2.97,2025-07-22 17:41:53,227
1132,2.97,2025-07-22 17:41:53,227
1133,2.99,2025-07-22 17:41:58,227
1134,3.0,2025-07-22 17:41:58,227
1135,3.01,2025-07-22 17:41:58,228
1136,3.01,2025-07-22 17:41:58,228
1137,3.14,2025-07-22 17:41:58,228
1138,3.05,2025-07-22 17:42:03,228
1139,3.03,2025-07-22 17:42:03,228
1140,3.05,2025-07-22 17:42:03,229
1141,3.07,2025-07-22 17:42:03,229
1142,3.08,2025-07-22 17:42:03,229
1143,3.08,2025-07-22 17:42:08,229
1144,3.08,2025-07-22 17:42:08,229
1145,3.08,2025-07-22 17:42:08,230
1146,3.08,2025-07-22 17:42:08,230
1147,3.09,2025-07-22 17:42:08,230
1148,3.09,2025-07-22 17:42:14,230
1149,3.18,2025-07-22 17:42:14,230
1150,3.11,2025-07-22 17:42:14,231
1151,3.11,2025-07-22 17:42:14,231
1152,3.11,2025-07-22 17:42:14,231
1153,3.11,2025-07-22 17:42:18,231
1154,3.11,2025-07-22 17:42:18,231
1155,3.12,2025-07-22 17:42:18,232
1156,3.13,2025-07-22 17:42:18,232
1157,3.12,2025-07-22 17:42:18,232
1158,3.12,2025-07-22 17:42:24,232
1159,3.14,2025-07-22 17:42:24,232
1160,3.13,2025-07-22 17:42:24,233
1161,3.14,2025-07-22 17:42:24,233
1162,3.12,2025-07-22 17:42:24,233
1163,3.15,2025-07-22 17:42:31,233
1164,3.15,2025-07-22 17:42:31,233
1165,3.2,2025-07-22 17:42:31,234
1166,3.16,2025-07-22 17:42:31,234
1167,3.15,2025-07-22 17:42:31,234
1168,3.18,2025-07-22 17:42:35,234
1169,3.21,2025-07-22 17:42:35,234
1170,3.18,2025-07-22 17:42:35,235
1171,3.12,2025-07-22 17:42:35,235
1172,3.09,2025-07-22 17:42:35,235
1173,3.06,2025-07-22 17:42:40,235
1174,3.0,2025-07-22 17:42:40,235
1175,2.98,2025-07-22 17:42:40,236
1176,2.63,2025-07-22 17:42:40,236
1177,2.87,2025-07-22 17:42:40,236
1178,2.98,2025-07-22 17:42:45,236
1179,3.0,2025-07-22 17:42:45,236
1180,3.03,2025-07-22 17:42:45,237
1181,2.25,2025-07-22 17:42:45,237
1182,3.14,2025-07-22 17:42:45,237
1183,3.2,2025-07-22 17:42:50,237
1184,3.22,2025-07-22 17:42:50,237
1185,2.96,2025-07-22 17:42:50,238
1186,3.12,2025-07-22 17:42:50,238
1187,3.14,2025-07-22 17:42:50,238
1188,3.14,2025-07-22 17:42:56,238
1189,3.2,2025-07-22 17:42:56,238
1190,3.17,2025-07-22 17:42:56,239
1191,3.16,2025-07-22 17:42:56,239
1192,3.22,2025-07-22 17:42:56,239
1193,3.26,2025-07-22 17:43:04,239
1194,3.29,2025-07-22 17:43:04,239
1195,3.25,2025-07-22 17:43:04,240
1196,3.23,2025-07-22 17:43:04,240
1197,3.25,2025-07-22 17:43:04,240
1198,3.27,2025-07-22 17:43:06,240
1199,3.29,2025-07-22 17:43:06,240
1200,3.3,2025-07-22 17:43:06,241
1201,3.32,2025-07-22 17:43:06,241
1202,3.33,2025-07-22 17:43:06,241
1203,3.31,2025-07-22 17:43:13,241
1204,3.34,2025-07-22 17:43:13,241
1205,3.35,2025-07-22 17:43:13,242
1206,3.46,2025-07-22 17:43:13,242
1207,1.97,2025-07-22 17:43:13,242
1208,2.39,2025-07-22 17:43:16,242
1209,2.69,2025-07-22 17:43:16,242
1210,3.01,2025-07-22 17:43:16,243
1211,3.22,2025-07-22 17:43:16,243
1212,3.23,2025-07-22 17:43:16,243
1213,3.24,2025-07-22 17:43:21,243
1214,3.24,2025-07-22 17:43:21,243
1215,3.01,2025-07-22 17:43:21,244
1216,2.51,2025-07-22 17:43:21,244
1217,3.33,2025-07-22 17:43:21,244
1218,3.32,2025-07-22 17:43:27,244
1219,3.34,2025-07-22 17:43:27,244
1220,3.35,2025-07-22 17:43:27,245
1221,3.35,2025-07-22 17:43:27,245
1222,3.36,2025-07-22 17:43:27,245
1223,3.36,2025-07-22 17:43:32,245
1224,3.38,2025-07-22 17:43:32,245
1225,3.36,2025-07-22 17:43:32,246
1226,3.4,2025-07-22 17:43:32,246
1227,3.44,2025-07-22 17:43:32,246
1228,3.48,2025-07-22 17:43:39,246
1229,3.39,2025-07-22 17:43:39,246
1230,3.42,2025-07-22 17:43:39,247
1231,3.46,2025-07-22 17:43:39,247
1232,3.46,2025-07-22 17:43:39,247
1233,3.49,2025-07-22 17:43:44,247
1234,2.96,2025-07-22 17:43:44,247
1235,2.96,2025-07-22 17:43:44,248
1236,3.23,2025-07-22 17:43:44,248
1237,3.53,2025-07-22 17:43:44,248
1238,3.55,2025-07-22 17:43:49,248
1239,3.51,2025-07-22 17:43:49,248
1240,3.55,2025-07-22 17:43:49,249
1241,3.56,2025-07-22 17:43:49,249
1242,3.58,2025-07-22 17:43:49,249
1243,3.68,2025-07-22 17:43:54,249
1244,3.83,2025-07-22 17:43:54,249
1245,3.51,2025-07-22 17:43:54,250
1246,3.48,2025-07-22 17:43:54,250
1247,3.45,2025-07-22 17:43:54,250
1248,3.32,2025-07-22 17:43:59,250
1249,2.68,2025-07-22 17:43:59,250
1250,2.75,2025-07-22 17:43:59,251
1251,3.69,2025-07-22 17:43:59,251
1252,3.67,2025-07-22 17:43:59,251
1253,3.56,2025-07-22 17:44:04,251
1254,3.54,2025-07-22 17:44:04,251
1255,3.54,2025-07-22 17:44:04,252
1256,3.54,2025-07-22 17:44:04,252
1257,3.54,2025-07-22 17:44:04,252
1258,3.53,2025-07-22 17:44:12,252
1259,3.64,2025-07-22 17:44:12,252
1260,3.35,2025-07-22 17:44:12,253
1261,3.37,2025-07-22 17:44:12,253
1262,3.38,2025-07-22 17:44:12,253
1263,3.38,2025-07-22 17:44:14,253
1264,3.39,2025-07-22 17:44:14,253
1265,3.38,2025-07-22 17:44:14,254
1266,3.34,2025-07-22 17:44:14,254
1267,3.46,2025-07-22 17:44:14,254
1268,0.64,2025-07-22 17:48:21,254
1269,2.12,2025-07-22 17:48:21,254
1270,1.4,2025-07-22 17:59:20,255
1271,1.39,2025-07-22 17:59:20,255
1272,1.38,2025-07-22 17:59:20,255
1273,1.4,2025-07-22 17:59:20,255
1274,1.38,2025-07-22 17:59:20,255
1275,1.39,2025-07-22 17:59:25,256
1276,1.39,2025-07-22 17:59:25,256
1277,1.38,2025-07-22 17:59:25,256
1278,1.38,2025-07-22 17:59:25,256
1279,1.37,2025-07-22 17:59:25,256
1280,1.37,2025-07-22 17:59:33,257
1281,1.36,2025-07-22 17:59:33,257
1282,1.36,2025-07-22 17:59:33,257
1283,1.37,2025-07-22 17:59:33,257
1284,1.36,2025-07-22 17:59:33,257
1285,1.36,2025-07-22 17:59:35,258
1286,1.36,2025-07-22 17:59:35,258
1287,1.36,2025-07-22 17:59:35,258
1288,1.37,2025-07-22 17:59:35,258
1289,1.37,2025-07-22 17:59:35,258
1290,1.35,2025-07-22 17:59:43,259
1291,1.34,2025-07-22 17:59:43,259
1292,1.35,2025-07-22 17:59:43,259
1293,1.34,2025-07-22 17:59:43,259
1294,1.33,2025-07-22 17:59:43,259
1295,1.36,2025-07-22 17:59:46,260
1296,1.33,2025-07-22 17:59:46,260
1297,1.33,2025-07-22 17:59:46,260
1298,1.35,2025-07-22 17:59:46,260
1299,1.38,2025-07-22 17:59:46,260
1300,1.33,2025-07-22 17:59:51,261
1301,1.34,2025-07-22 17:59:51,261
1302,1.33,2025-07-22 17:59:51,261
1303,1.33,2025-07-22 17:59:51,261
1304,1.33,2025-07-22 17:59:51,261
1305,1.33,2025-07-22 17:59:58,262
1306,1.34,2025-07-22 17:59:58,262
1307,1.27,2025-07-22 17:59:58,262
1308,1.32,2025-07-22 17:59:58,262
1309,1.32,2025-07-22 17:59:58,262
1310,1.33,2025-07-22 18:00:02,263
1311,1.32,2025-07-22 18:00:02,263
1312,1.31,2025-07-22 18:00:02,263
1313,1.32,2025-07-22 18:00:02,263
1314,1.31,2025-07-22 18:00:02,263
1315,1.31,2025-07-22 18:00:08,264
1316,1.31,2025-07-22 18:00:08,264
1317,1.27,2025-07-22 18:00:08,264
1318,1.3,2025-07-22 18:00:08,264
1319,1.31,2025-07-22 18:00:08,264
1320,1.31,2025-07-22 18:00:15,265
1321,1.32,2025-07-22 18:00:15,265
1322,1.31,2025-07-22 18:00:15,265
1323,1.3,2025-07-22 18:00:15,265
1324,1.3,2025-07-22 18:00:15,265
1325,1.31,2025-07-22 18:00:18,266
1326,1.31,2025-07-22 18:00:18,266
1327,1.31,2025-07-22 18:00:18,266
1328,1.31,2025-07-22 18:00:18,266
1329,1.3,2025-07-22 18:00:18,266
1330,1.31,2025-07-22 18:00:24,267
1331,1.3,2025-07-22 18:00:24,267
1332,1.31,2025-07-22 18:00:24,267
1333,1.31,2025-07-22 18:00:24,267
1334,1.31,2025-07-22 18:00:24,267
1335,1.31,2025-07-22 18:00:29,268
1336,1.3,2025-07-22 18:00:29,268
1337,1.31,2025-07-22 18:00:29,268
1338,1.32,2025-07-22 18:00:29,268
1339,1.3,2025-07-22 18:00:29,268
1340,1.31,2025-07-22 18:00:35,269
1341,1.31,2025-07-22 18:00:35,269
1342,1.3,2025-07-22 18:00:35,269
1343,1.37,2025-07-22 18:00:35,269
1344,1.31,2025-07-22 18:00:35,269
1345,1.24,2025-07-22 18:00:42,270
1346,1.25,2025-07-22 18:00:42,270
1347,1.24,2025-07-22 18:00:42,270
1348,1.24,2025-07-22 18:00:42,270
1349,1.24,2025-07-22 18:00:42,270
1350,1.24,2025-07-22 18:00:44,271
1351,1.25,2025-07-22 18:00:44,271
1352,1.25,2025-07-22 18:00:44,271
1353,1.38,2025-07-22 18:00:44,271
1354,1.26,2025-07-22 18:00:44,271
1355,1.26,2025-07-22 18:00:49,272
1356,1.29,2025-07-22 18:00:49,272
1357,1.3,2025-07-22 18:00:49,272
1358,1.29,2025-07-22 18:00:49,272
1359,1.3,2025-07-22 18:00:49,272
1360,1.3,2025-07-22 18:00:55,273
1361,1.29,2025-07-22 18:00:55,273
1362,1.29,2025-07-22 18:00:55,273
1363,1.34,2025-07-22 18:00:55,273
1364,1.33,2025-07-22 18:00:55,273
1365,1.28,2025-07-22 18:01:01,274
1366,1.41,2025-07-22 18:01:01,274
1367,1.36,2025-07-22 18:01:01,274
1368,1.24,2025-07-22 18:01:01,274
1369,1.2,2025-07-22 18:01:01,274
1370,1.2,2025-07-22 18:01:06,275
1371,1.19,2025-07-22 18:01:06,275
1372,1.19,2025-07-22 18:01:06,275
1373,1.21,2025-07-22 18:01:06,275
1374,1.21,2025-07-22 18:01:06,275
1375,1.21,2025-07-22 18:01:12,276
1376,1.21,2025-07-22 18:01:12,276
1377,0.84,2025-07-22 18:01:12,276
1378,0.94,2025-07-22 18:01:12,276
1379,1.3,2025-07-22 18:01:12,276
1380,1.28,2025-07-22 18:01:18,277
1381,1.23,2025-07-22 18:01:18,277
1382,1.23,2025-07-22 18:01:18,277
1383,1.25,2025-07-22 18:01:18,277
1384,1.26,2025-07-22 18:01:18,277
1385,1.18,2025-07-22 18:01:23,278
1386,1.18,2025-07-22 18:01:23,278
1387,1.19,2025-07-22 18:01:23,278
1388,1.2,2025-07-22 18:01:23,278
1389,1.2,2025-07-22 18:01:23,278
1390,1.19,2025-07-22 18:01:26,279
1391,1.2,2025-07-22 18:01:26,279
1392,1.22,2025-07-22 18:01:26,279
1393,1.21,2025-07-22 18:01:26,279
1394,1.2,2025-07-22 18:01:26,279
1395,1.18,2025-07-22 18:01:32,280
1396,1.16,2025-07-22 18:01:32,280
1397,1.19,2025-07-22 18:01:32,280
1398,1.21,2025-07-22 18:01:32,280
1399,1.19,2025-07-22 18:01:32,280
1400,1.22,2025-07-22 18:01:38,281
1401,1.21,2025-07-22 18:01:38,281
1402,1.21,2025-07-22 18:01:38,281
1403,1.22,2025-07-22 18:01:38,281
1404,1.24,2025-07-22 18:01:38,281
1405,1.22,2025-07-22 18:01:42,282
1406,1.2,2025-07-22 18:01:42,282
1407,1.23,2025-07-22 18:01:42,282
1408,1.25,2025-07-22 18:01:42,282
1409,1.23,2025-07-22 18:01:42,282
1410,1.24,2025-07-22 18:01:50,283
1411,1.22,2025-07-22 18:01:50,283
1412,1.26,2025-07-22 18:01:50,283
1413,1.17,2025-07-22 18:01:50,283
1414,1.16,2025-07-22 18:01:50,283
1415,1.16,2025-07-22 18:01:53,284
1416,1.14,2025-07-22 18:01:53,284
1417,1.14,2025-07-22 18:01:53,284
1418,1.14,2025-07-22 18:01:53,284
1419,1.12,2025-07-22 18:01:53,284
1420,1.22,2025-07-22 18:01:59,285
1421,1.16,2025-07-22 18:01:59,285
1422,1.16,2025-07-22 18:01:59,285
1423,1.17,2025-07-22 18:01:59,285
1424,1.18,2025-07-22 18:01:59,285
1425,1.19,2025-07-22 18:02:05,286
1426,1.18,2025-07-22 18:02:05,286
1427,1.19,2025-07-22 18:02:05,286
1428,1.2,2025-07-22 18:02:05,286
1429,1.12,2025-07-22 18:02:05,286
1430,1.13,2025-07-22 18:02:09,287
1431,1.12,2025-07-22 18:02:09,287
1432,1.12,2025-07-22 18:02:09,287
1433,1.12,2025-07-22 18:02:09,287
1434,1.14,2025-07-22 18:02:09,287
1435,1.14,2025-07-22 18:02:15,288
1436,1.14,2025-07-22 18:02:15,288
1437,1.21,2025-07-22 18:02:15,288
1438,1.16,2025-07-22 18:02:15,288
1439,1.14,2025-07-22 18:02:15,288
1440,1.14,2025-07-22 18:02:20,289
1441,1.15,2025-07-22 18:02:20,289
1442,1.15,2025-07-22 18:02:20,289
1443,1.16,2025-07-22 18:02:20,289
1444,1.16,2025-07-22 18:02:20,289
1445,1.15,2025-07-22 18:02:24,290
1446,1.16,2025-07-22 18:02:24,290
1447,1.16,2025-07-22 18:02:24,290
1448,1.17,2025-07-22 18:02:24,290
1449,1.17,2025-07-22 18:02:24,290
1450,1.16,2025-07-22 18:02:31,291
1451,1.18,2025-07-22 18:02:31,291
1452,1.18,2025-07-22 18:02:31,291
1453,1.18,2025-07-22 18:02:31,291
1454,1.18,2025-07-22 18:02:31,291
1455,1.21,2025-07-22 18:02:35,292
1456,1.19,2025-07-22 18:02:35,292
1457,1.19,2025-07-22 18:02:35,292
1458,1.17,2025-07-22 18:02:35,292
1459,1.18,2025-07-22 18:02:35,292
1460,1.17,2025-07-22 18:02:41,293
1461,1.2,2025-07-22 18:02:41,293
1462,1.2,2025-07-22 18:02:41,293
1463,1.2,2025-07-22 18:02:41,293
1464,0.74,2025-07-22 18:02:41,293
1465,1.3,2025-07-22 18:02:46,294
1466,0.99,2025-07-22 18:02:46,294
1467,0.77,2025-07-22 18:02:46,294
1468,1.11,2025-07-22 18:02:46,294
1469,1.13,2025-07-22 18:02:46,294
1470,1.13,2025-07-22 18:02:51,295
1471,1.13,2025-07-22 18:02:51,295
1472,0.91,2025-07-22 18:02:51,295
1473,0.89,2025-07-22 18:02:51,295
1474,1.0,2025-07-22 18:02:51,295
1475,1.18,2025-07-22 18:03:01,296
1476,1.15,2025-07-22 18:03:01,296
1477,1.08,2025-07-22 18:03:01,296
1478,0.35,2025-07-22 18:03:01,296
1479,1.1,2025-07-22 18:03:01,296
1480,1.1,2025-07-22 18:03:05,297
1481,1.03,2025-07-22 18:03:05,297
1482,1.08,2025-07-22 18:03:05,297
1483,1.12,2025-07-22 18:03:05,297
1484,1.09,2025-07-22 18:03:05,297
1485,1.1,2025-07-22 18:03:08,298
1486,1.09,2025-07-22 18:03:08,298
1487,1.06,2025-07-22 18:03:08,298
1488,1.05,2025-07-22 18:03:08,298
1489,1.06,2025-07-22 18:03:08,298
1490,1.09,2025-07-22 18:03:14,299
1491,1.1,2025-07-22 18:03:14,299
1492,1.09,2025-07-22 18:03:14,299
1493,1.1,2025-07-22 18:03:14,299
1494,1.11,2025-07-22 18:03:14,299
1495,1.12,2025-07-22 18:03:19,300
1496,1.1,2025-07-22 18:03:19,300
1497,1.09,2025-07-22 18:03:19,300
1498,1.1,2025-07-22 18:03:19,300
1499,1.1,2025-07-22 18:03:19,300
1500,1.11,2025-07-22 18:03:25,301
1501,1.11,2025-07-22 18:03:25,301
1502,1.12,2025-07-22 18:03:25,301
1503,1.08,2025-07-22 18:03:25,301
1504,1.12,2025-07-22 18:03:25,301
1505,1.08,2025-07-22 18:03:32,302
1506,1.05,2025-07-22 18:03:32,302
1507,1.07,2025-07-22 18:03:32,302
1508,0.98,2025-07-22 18:03:32,302
1509,0.95,2025-07-22 18:03:32,302
1510,0.89,2025-07-22 18:03:35,303
1511,1.05,2025-07-22 18:03:35,303
1512,1.12,2025-07-22 18:03:35,303
1513,1.2,2025-07-22 18:03:35,303
1514,1.07,2025-07-22 18:03:35,303
1515,0.98,2025-07-22 18:03:39,304
1516,0.94,2025-07-22 18:03:39,304
1517,0.93,2025-07-22 18:03:39,304
1518,0.93,2025-07-22 18:03:39,304
1519,0.93,2025-07-22 18:03:39,304
1520,0.93,2025-07-22 18:03:45,305
1521,0.93,2025-07-22 18:03:45,305
1522,0.93,2025-07-22 18:03:45,305
1523,0.92,2025-07-22 18:03:45,305
1524,0.93,2025-07-22 18:03:45,305
1525,0.93,2025-07-22 18:03:50,306
1526,0.93,2025-07-22 18:03:50,306
1527,0.93,2025-07-22 18:03:50,306
1528,0.93,2025-07-22 18:03:50,306
1529,0.93,2025-07-22 18:03:50,306
1530,0.93,2025-07-22 18:03:55,307
1531,0.92,2025-07-22 18:03:55,307
1532,0.92,2025-07-22 18:03:55,307
1533,0.94,2025-07-22 18:03:55,307
1534,0.92,2025-07-22 18:03:55,307
1535,0.93,2025-07-22 18:04:00,308
1536,0.92,2025-07-22 18:04:00,308
1537,0.93,2025-07-22 18:04:00,308
1538,0.95,2025-07-22 18:04:00,308
1539,0.95,2025-07-22 18:04:00,308
1540,0.94,2025-07-22 18:04:07,309
1541,0.94,2025-07-22 18:04:07,309
1542,0.95,2025-07-22 18:04:07,309
1543,0.94,2025-07-22 18:04:07,309
1544,0.95,2025-07-22 18:04:07,309
1545,0.94,2025-07-22 18:04:13,310
1546,0.96,2025-07-22 18:04:13,310
1547,0.95,2025-07-22 18:04:13,310
1548,0.95,2025-07-22 18:04:13,310
1549,0.96,2025-07-22 18:04:13,310
1550,0.98,2025-07-22 18:04:16,311
1551,1.03,2025-07-22 18:04:16,311
1552,1.04,2025-07-22 18:04:16,311
1553,1.05,2025-07-22 18:04:16,311
1554,1.03,2025-07-22 18:04:16,311
1555,0.56,2025-07-22 18:04:22,312
1556,0.82,2025-07-22 18:04:22,312
1557,1.11,2025-07-22 18:04:22,312
1558,1.12,2025-07-22 18:04:22,312
1559,1.23,2025-07-22 18:04:22,312
1560,1.13,2025-07-22 18:04:28,313
1561,1.12,2025-07-22 18:04:28,313
1562,1.13,2025-07-22 18:04:28,313
1563,1.14,2025-07-22 18:04:28,313
1564,1.14,2025-07-22 18:04:28,313
1565,1.09,2025-07-22 18:04:32,314
1566,1.15,2025-07-22 18:04:32,314
1567,1.18,2025-07-22 18:04:32,314
1568,1.06,2025-07-22 18:04:32,314
1569,0.86,2025-07-22 18:04:32,314
1570,0.95,2025-07-22 18:04:42,315
1571,1.11,2025-07-22 18:04:42,315
1572,1.17,2025-07-22 18:04:42,315
1573,1.22,2025-07-22 18:04:42,315
1574,1.16,2025-07-22 18:04:42,315
1575,1.2,2025-07-22 18:04:45,316
1576,1.23,2025-07-22 18:04:45,316
1577,1.15,2025-07-22 18:04:45,316
1578,1.13,2025-07-22 18:04:45,316
1579,1.08,2025-07-22 18:04:45,316
1580,1.0,2025-07-22 18:04:48,317
1581,0.65,2025-07-22 18:04:48,317
1582,0.53,2025-07-22 18:04:48,317
1583,0.49,2025-07-22 18:04:48,317
1584,0.91,2025-07-22 18:04:48,317
1585,0.9,2025-07-22 18:04:54,318
1586,0.89,2025-07-22 18:04:54,318
1587,0.9,2025-07-22 18:04:54,318
1588,0.91,2025-07-22 18:04:54,318
1589,0.9,2025-07-22 18:04:54,318
1590,0.91,2025-07-22 18:04:58,319
1591,0.91,2025-07-22 18:04:58,319
1592,0.91,2025-07-22 18:04:58,319
1593,0.92,2025-07-22 18:04:58,319
1594,0.91,2025-07-22 18:04:58,319
1595,0.92,2025-07-22 18:05:04,320
1596,0.92,2025-07-22 18:05:04,320
1597,0.93,2025-07-22 18:05:04,320
1598,0.93,2025-07-22 18:05:04,320
1599,0.92,2025-07-22 18:05:04,320
1600,0.93,2025-07-22 18:05:08,321
1601,0.93,2025-07-22 18:05:08,321
1602,0.93,2025-07-22 18:05:08,321
1603,0.93,2025-07-22 18:05:08,321
1604,0.94,2025-07-22 18:05:08,321
1605,0.95,2025-07-22 18:05:15,322
1606,0.99,2025-07-22 18:05:15,322
1607,1.0,2025-07-22 18:05:15,322
1608,0.98,2025-07-22 18:05:15,322
1609,1.0,2025-07-22 18:05:15,322
1610,0.99,2025-07-22 18:05:19,323
1611,1.0,2025-07-22 18:05:19,323
1612,0.99,2025-07-22 18:05:19,323
1613,1.0,2025-07-22 18:05:19,323
1614,1.0,2025-07-22 18:05:19,323
1615,1.01,2025-07-22 18:05:25,324
1616,1.01,2025-07-22 18:05:25,324
1617,1.04,2025-07-22 18:05:25,324
1618,1.02,2025-07-22 18:05:25,324
1619,1.04,2025-07-22 18:05:25,324
1620,1.04,2025-07-22 18:05:30,325
1621,1.02,2025-07-22 18:05:30,325
1622,1.16,2025-07-22 18:05:30,325
1623,1.07,2025-07-22 18:05:30,325
1624,1.04,2025-07-22 18:05:30,325
1625,1.06,2025-07-22 18:05:36,326
1626,1.07,2025-07-22 18:05:36,326
1627,1.08,2025-07-22 18:05:36,326
1628,1.09,2025-07-22 18:05:36,326
1629,1.09,2025-07-22 18:05:36,326
1630,1.09,2025-07-22 18:05:42,327
1631,1.1,2025-07-22 18:05:42,327
1632,1.05,2025-07-22 18:05:42,327
1633,1.06,2025-07-22 18:05:42,327
1634,1.06,2025-07-22 18:05:42,327
1635,1.06,2025-07-22 18:05:48,328
1636,1.07,2025-07-22 18:05:48,328
1637,1.12,2025-07-22 18:05:48,328
1638,1.14,2025-07-22 18:05:48,328
1639,1.09,2025-07-22 18:05:48,328
1640,1.07,2025-07-22 18:05:52,329
1641,1.1,2025-07-22 18:05:52,329
1642,1.11,2025-07-22 18:05:52,329
1643,1.12,2025-07-22 18:05:52,329
1644,1.12,2025-07-22 18:05:52,329
1645,1.06,2025-07-22 18:05:56,330
1646,1.06,2025-07-22 18:05:56,330
1647,1.07,2025-07-22 18:05:56,330
1648,1.09,2025-07-22 18:05:56,330
1649,1.08,2025-07-22 18:05:56,330
1650,1.1,2025-07-22 18:06:01,331
1651,1.11,2025-07-22 18:06:01,331
1652,1.11,2025-07-22 18:06:01,331
1653,1.11,2025-07-22 18:06:01,331
1654,1.12,2025-07-22 18:06:01,331
1655,1.13,2025-07-22 18:06:09,332
1656,1.16,2025-07-22 18:06:09,332
1657,1.15,2025-07-22 18:06:09,332
1658,1.16,2025-07-22 18:06:09,332
1659,1.17,2025-07-22 18:06:09,332
1660,1.07,2025-07-22 18:06:13,333
1661,1.08,2025-07-22 18:06:13,333
1662,1.07,2025-07-22 18:06:13,333
1663,1.08,2025-07-22 18:06:13,333
1664,1.13,2025-07-22 18:06:13,333
1665,1.16,2025-07-22 18:06:18,334
1666,1.3,2025-07-22 18:06:18,334
1667,1.18,2025-07-22 18:06:18,334
1668,1.12,2025-07-22 18:06:18,334
1669,1.14,2025-07-22 18:06:18,334
1670,1.16,2025-07-22 18:06:23,335
1671,1.17,2025-07-22 18:06:23,335
1672,1.14,2025-07-22 18:06:23,335
1673,1.14,2025-07-22 18:06:23,335
1674,1.13,2025-07-22 18:06:23,335
1675,1.13,2025-07-22 18:06:33,336
1676,1.17,2025-07-22 18:06:33,336
1677,1.18,2025-07-22 18:06:33,336
1678,1.16,2025-07-22 18:06:33,336
1679,1.14,2025-07-22 18:06:33,336
1680,1.16,2025-07-22 18:06:36,337
1681,1.16,2025-07-22 18:06:36,337
1682,1.16,2025-07-22 18:06:36,337
1683,1.2,2025-07-22 18:06:36,337
1684,1.09,2025-07-22 18:06:36,337
1685,1.08,2025-07-22 18:06:39,338
1686,1.07,2025-07-22 18:06:39,338
1687,1.08,2025-07-22 18:06:39,338
1688,1.08,2025-07-22 18:06:39,338
1689,1.09,2025-07-22 18:06:39,338
1690,1.11,2025-07-22 18:06:44,339
1691,1.12,2025-07-22 18:06:44,339
1692,1.13,2025-07-22 18:06:44,339
1693,1.13,2025-07-22 18:06:44,339
1694,1.14,2025-07-22 18:06:44,339
1695,1.14,2025-07-22 18:06:49,340
1696,1.13,2025-07-22 18:06:49,340
1697,1.14,2025-07-22 18:06:49,340
1698,1.28,2025-07-22 18:06:49,340
1699,1.16,2025-07-22 18:06:49,340
1700,1.15,2025-07-22 18:06:58,341
1701,1.27,2025-07-22 18:06:58,341
1702,0.96,2025-07-22 18:06:58,341
1703,0.79,2025-07-22 18:06:58,341
1704,0.8,2025-07-22 18:06:58,341
1705,0.81,2025-07-22 18:07:02,342
1706,0.83,2025-07-22 18:07:02,342
1707,0.8,2025-07-22 18:07:02,342
1708,0.8,2025-07-22 18:07:02,342
1709,0.83,2025-07-22 18:07:02,342
1710,0.86,2025-07-22 18:07:04,343
1711,0.87,2025-07-22 18:07:04,343
1712,1.03,2025-07-22 18:07:04,343
1713,0.93,2025-07-22 18:07:04,343
1714,0.94,2025-07-22 18:07:04,343
1715,0.9,2025-07-22 18:07:11,344
1716,0.96,2025-07-22 18:07:11,344
1717,0.98,2025-07-22 18:07:11,344
1718,0.93,2025-07-22 18:07:11,344
1719,0.91,2025-07-22 18:07:11,344
1720,0.96,2025-07-22 18:07:16,345
1721,0.98,2025-07-22 18:07:16,345
1722,0.89,2025-07-22 18:07:16,345
1723,0.88,2025-07-22 18:07:16,345
1724,0.9,2025-07-22 18:07:16,345
1725,0.91,2025-07-22 18:07:20,346
1726,1.12,2025-07-22 18:07:20,346
1727,1.09,2025-07-22 18:07:20,346
1728,0.97,2025-07-22 18:07:20,346
1729,1.05,2025-07-22 18:07:20,346
1730,1.0,2025-07-22 18:07:26,347
1731,1.09,2025-07-22 18:07:26,347
1732,1.14,2025-07-22 18:07:26,347
1733,1.15,2025-07-22 18:07:26,347
1734,1.12,2025-07-22 18:07:26,347
1735,1.13,2025-07-22 18:07:31,348
1736,1.19,2025-07-22 18:07:31,348
1737,1.14,2025-07-22 18:07:31,348
1738,1.16,2025-07-22 18:07:31,348
1739,1.17,2025-07-22 18:07:31,348
1740,1.15,2025-07-22 18:07:38,349
1741,1.14,2025-07-22 18:07:38,349
1742,1.18,2025-07-22 18:07:38,349
1743,1.25,2025-07-22 18:07:38,349
1744,1.24,2025-07-22 18:07:38,349
1745,1.19,2025-07-22 18:07:41,350
1746,1.12,2025-07-22 18:07:41,350
1747,1.04,2025-07-22 18:07:41,350
1748,1.04,2025-07-22 18:07:41,350
1749,1.0,2025-07-22 18:07:41,350
1750,1.01,2025-07-22 18:07:45,351
1751,1.04,2025-07-22 18:07:45,351
1752,1.39,2025-07-23 10:40:07,351
1753,1.38,2025-07-23 10:40:07,351
1754,1.38,2025-07-23 10:40:07,351
1755,1.38,2025-07-23 10:40:07,352
1756,1.39,2025-07-23 10:40:07,352
1757,1.39,2025-07-23 10:40:11,352
1758,1.39,2025-07-23 10:40:11,352
1759,1.39,2025-07-23 10:40:11,352
1760,1.39,2025-07-23 10:40:11,353
1761,1.4,2025-07-23 10:40:11,353
1762,1.4,2025-07-23 10:40:17,353
1763,1.4,2025-07-23 10:40:17,353
1764,1.4,2025-07-23 10:40:17,353
1765,1.4,2025-07-23 10:40:17,354
1766,1.4,2025-07-23 10:40:17,354
1767,1.41,2025-07-23 10:40:21,354
1768,1.41,2025-07-23 10:40:21,354
1769,1.42,2025-07-23 10:40:21,354
1770,1.41,2025-07-23 10:40:21,355
1771,1.42,2025-07-23 10:40:21,355
1772,1.41,2025-07-23 10:40:29,355
1773,1.42,2025-07-23 10:40:29,355
1774,1.42,2025-07-23 10:40:29,355
1775,1.41,2025-07-23 10:40:29,356
1776,1.42,2025-07-23 10:40:29,356
1777,1.42,2025-07-23 10:40:33,356
1778,1.43,2025-07-23 10:40:33,356
1779,1.43,2025-07-23 10:40:33,356
1780,1.42,2025-07-23 10:40:33,357
1781,1.43,2025-07-23 10:40:33,357
1782,1.44,2025-07-23 10:40:38,357
1783,1.44,2025-07-23 10:40:38,357
1784,1.45,2025-07-23 10:40:38,357
1785,1.45,2025-07-23 10:40:38,358
1786,1.45,2025-07-23 10:40:38,358
1787,1.47,2025-07-23 10:40:46,358
1788,1.44,2025-07-23 10:40:46,358
1789,1.43,2025-07-23 10:40:46,358
1790,1.44,2025-07-23 10:40:46,359
1791,1.45,2025-07-23 10:40:46,359
1792,1.44,2025-07-23 10:40:49,359
1793,1.44,2025-07-23 10:40:49,359
1794,1.43,2025-07-23 10:40:49,359
1795,1.44,2025-07-23 10:40:49,360
1796,1.44,2025-07-23 10:40:49,360
1797,1.45,2025-07-23 10:40:55,360
1798,1.45,2025-07-23 10:40:55,360
1799,1.45,2025-07-23 10:40:55,360
1800,1.46,2025-07-23 10:40:55,361
1801,1.45,2025-07-23 10:40:55,361
1802,1.46,2025-07-23 10:41:03,361
1803,1.45,2025-07-23 10:41:03,361
1804,1.45,2025-07-23 10:41:03,361
1805,1.45,2025-07-23 10:41:03,362
1806,1.45,2025-07-23 10:41:03,362
1807,1.44,2025-07-23 10:41:06,362
1808,1.44,2025-07-23 10:41:06,362
1809,1.44,2025-07-23 10:41:06,362
1810,1.44,2025-07-23 10:41:06,363
1811,1.45,2025-07-23 10:41:06,363
1812,1.45,2025-07-23 10:41:14,363
1813,1.45,2025-07-23 10:41:14,363
1814,1.45,2025-07-23 10:41:14,363
1815,1.46,2025-07-23 10:41:14,364
1816,1.47,2025-07-23 10:41:14,364
1817,1.47,2025-07-23 10:41:19,364
1818,1.47,2025-07-23 10:41:19,364
1819,1.47,2025-07-23 10:41:19,364
1820,1.43,2025-07-23 10:41:19,365
1821,1.42,2025-07-23 10:41:19,365
1822,1.43,2025-07-23 10:41:21,365
1823,1.44,2025-07-23 10:41:21,365
1824,1.43,2025-07-23 10:41:21,365
1825,1.42,2025-07-23 10:41:21,366
1826,1.4,2025-07-23 10:41:21,366
1827,1.4,2025-07-23 10:41:27,366
1828,1.4,2025-07-23 10:41:27,366
1829,1.4,2025-07-23 10:41:27,366
1830,1.4,2025-07-23 10:41:27,367
1831,1.39,2025-07-23 10:41:27,367
1832,1.43,2025-07-23 10:41:36,367
1833,1.43,2025-07-23 10:41:36,367
1834,1.39,2025-07-23 10:41:36,367
1835,1.43,2025-07-23 10:41:36,368
1836,1.4,2025-07-23 10:41:36,368
1837,1.41,2025-07-23 10:41:38,368
1838,1.44,2025-07-23 10:41:38,368
1839,1.39,2025-07-23 10:41:38,368
1840,1.4,2025-07-23 10:41:38,369
1841,1.43,2025-07-23 10:41:38,369
1842,1.43,2025-07-23 10:41:43,369
1843,1.4,2025-07-23 10:41:43,369
1844,1.4,2025-07-23 10:41:43,369
1845,1.39,2025-07-23 10:41:43,370
1846,1.4,2025-07-23 10:41:43,370
1847,1.4,2025-07-23 10:41:49,370
1848,1.4,2025-07-23 10:41:49,370
1849,1.41,2025-07-23 10:41:49,370
1850,1.42,2025-07-23 10:41:49,371
1851,1.42,2025-07-23 10:41:49,371
1852,1.43,2025-07-23 10:41:56,371
1853,1.43,2025-07-23 10:41:56,371
1854,1.44,2025-07-23 10:41:56,371
1855,1.44,2025-07-23 10:41:56,372
1856,1.44,2025-07-23 10:41:56,372
1857,1.42,2025-07-23 10:42:05,372
1858,1.42,2025-07-23 10:42:05,372
1859,1.43,2025-07-23 10:42:05,372
1860,1.43,2025-07-23 10:42:05,373
1861,1.43,2025-07-23 10:42:05,373
1862,1.4,2025-07-23 10:42:13,373
1863,1.4,2025-07-23 10:42:13,373
1864,1.43,2025-07-23 10:42:13,373
1865,1.43,2025-07-23 10:42:13,374
1866,1.42,2025-07-23 10:42:13,374
1867,1.42,2025-07-23 10:42:16,374
1868,1.42,2025-07-23 10:42:16,374
1869,1.42,2025-07-23 10:42:16,374
1870,1.42,2025-07-23 10:42:16,375
1871,1.42,2025-07-23 10:42:16,375
1872,1.41,2025-07-23 10:42:20,375
1873,1.42,2025-07-23 10:42:20,375
1874,1.41,2025-07-23 10:42:20,375
1875,1.4,2025-07-23 10:42:20,376
1876,1.41,2025-07-23 10:42:20,376
1877,1.4,2025-07-23 10:42:24,376
1878,1.43,2025-07-23 10:42:24,376
1879,1.43,2025-07-23 10:42:24,376
1880,1.43,2025-07-23 10:42:24,377
1881,1.41,2025-07-23 10:42:24,377
1882,1.41,2025-07-23 10:42:29,377
1883,1.43,2025-07-23 10:42:29,377
1884,1.43,2025-07-23 10:42:29,377
1885,1.43,2025-07-23 10:42:29,378
1886,1.42,2025-07-23 10:42:29,378
1887,1.42,2025-07-23 10:42:36,378
1888,1.42,2025-07-23 10:42:36,378
1889,1.42,2025-07-23 10:42:36,378
1890,1.42,2025-07-23 10:42:36,379
1891,1.42,2025-07-23 10:42:36,379
1892,1.42,2025-07-23 10:42:44,379
1893,1.41,2025-07-23 10:42:44,379
1894,1.42,2025-07-23 10:42:44,379
1895,1.42,2025-07-23 10:42:44,380
1896,1.42,2025-07-23 10:42:44,380
1897,1.41,2025-07-23 10:42:47,380
1898,1.42,2025-07-23 10:42:47,380
1899,1.42,2025-07-23 10:42:47,380
1900,1.41,2025-07-23 10:42:47,381
1901,1.41,2025-07-23 10:42:47,381
1902,1.41,2025-07-23 10:42:52,381
1903,1.42,2025-07-23 10:42:52,381
1904,1.42,2025-07-23 10:42:52,381
1905,1.42,2025-07-23 10:42:52,382
1906,1.43,2025-07-23 10:42:52,382
1907,1.43,2025-07-23 10:42:56,382
1908,1.42,2025-07-23 10:42:56,382
1909,1.41,2025-07-23 10:42:56,382
1910,1.4,2025-07-23 10:42:56,383
1911,1.41,2025-07-23 10:42:56,383
1912,1.41,2025-07-23 10:43:02,383
1913,1.42,2025-07-23 10:43:02,383
1914,1.43,2025-07-23 10:43:02,383
1915,1.43,2025-07-23 10:43:02,384
1916,1.44,2025-07-23 10:43:02,384
1917,1.43,2025-07-23 10:43:07,384
1918,1.43,2025-07-23 10:43:07,384
1919,1.43,2025-07-23 10:43:07,384
1920,1.43,2025-07-23 10:43:07,385
1921,1.43,2025-07-23 10:43:07,385
1922,1.42,2025-07-23 10:43:16,385
1923,1.43,2025-07-23 10:43:16,385
1924,1.43,2025-07-23 10:43:16,385
1925,1.43,2025-07-23 10:43:16,386
1926,1.42,2025-07-23 10:43:16,386
1927,1.41,2025-07-23 10:43:18,386
1928,1.42,2025-07-23 10:43:18,386
1929,1.43,2025-07-23 10:43:18,386
1930,1.43,2025-07-23 10:43:18,387
1931,1.43,2025-07-23 10:43:18,387
1932,1.43,2025-07-23 10:43:24,387
1933,1.43,2025-07-23 10:43:24,387
1934,1.43,2025-07-23 10:43:24,387
1935,1.43,2025-07-23 10:43:24,388
1936,1.46,2025-07-23 10:43:24,388
1937,1.44,2025-07-23 10:43:29,388
1938,1.43,2025-07-23 10:43:29,388
1939,1.43,2025-07-23 10:43:29,388
1940,1.42,2025-07-23 10:43:29,389
1941,1.42,2025-07-23 10:43:29,389
1942,1.42,2025-07-23 10:43:34,389
1943,1.43,2025-07-23 10:43:34,389
1944,1.43,2025-07-23 10:43:34,389
1945,1.42,2025-07-23 10:43:34,390
1946,1.42,2025-07-23 10:43:34,390
1947,1.41,2025-07-23 10:43:42,390
1948,1.4,2025-07-23 10:43:42,390
1949,1.41,2025-07-23 10:43:42,390
1950,1.39,2025-07-23 10:43:42,391
1951,1.41,2025-07-23 10:43:42,391
1952,1.41,2025-07-23 10:43:48,391
1953,1.41,2025-07-23 10:43:48,391
1954,1.41,2025-07-23 10:43:48,391
1955,1.41,2025-07-23 10:43:48,392
1956,1.43,2025-07-23 10:43:48,392
1957,1.43,2025-07-23 10:43:57,392
1958,1.43,2025-07-23 10:43:57,392
1959,1.42,2025-07-23 10:43:57,392
1960,1.43,2025-07-23 10:43:57,393
1961,1.43,2025-07-23 10:43:57,393
1962,1.43,2025-07-23 10:44:00,393
1963,1.43,2025-07-23 10:44:00,393
1964,1.43,2025-07-23 10:44:00,393
1965,1.43,2025-07-23 10:44:00,394
1966,1.43,2025-07-23 10:44:00,394
1967,1.44,2025-07-23 10:44:07,394
1968,1.44,2025-07-23 10:44:07,394
1969,1.44,2025-07-23 10:44:07,394
1970,1.43,2025-07-23 10:44:07,395
1971,1.43,2025-07-23 10:44:07,395
1972,1.43,2025-07-23 10:44:14,395
1973,1.44,2025-07-23 10:44:14,395
1974,1.44,2025-07-23 10:44:14,395
1975,1.44,2025-07-23 10:44:14,396
1976,1.44,2025-07-23 10:44:14,396
1977,1.44,2025-07-23 10:44:18,396
1978,1.43,2025-07-23 10:44:18,396
1979,1.43,2025-07-23 10:44:18,396
1980,1.44,2025-07-23 10:44:18,397
1981,1.43,2025-07-23 10:44:18,397
1982,1.43,2025-07-23 10:44:27,397
1983,1.44,2025-07-23 10:44:27,397
1984,1.44,2025-07-23 10:44:27,397
1985,1.41,2025-07-23 10:44:27,398
1986,1.44,2025-07-23 10:44:27,398
1987,1.42,2025-07-23 10:44:29,398
1988,1.44,2025-07-23 10:44:29,398
1989,1.42,2025-07-23 10:44:29,398
1990,1.42,2025-07-23 10:44:29,399
1991,1.43,2025-07-23 10:44:29,399
1992,1.43,2025-07-23 10:44:38,399
1993,1.44,2025-07-23 10:44:38,399
1994,1.45,2025-07-23 10:44:38,399
1995,1.45,2025-07-23 10:44:38,400
1996,1.42,2025-07-23 10:44:38,400
1997,1.42,2025-07-23 10:44:42,400
1998,1.41,2025-07-23 10:44:42,400
1999,1.4,2025-07-23 10:44:42,400
2000,1.41,2025-07-23 10:44:42,401
2001,1.41,2025-07-23 10:44:42,401
2002,1.41,2025-07-23 10:44:47,401
2003,1.42,2025-07-23 10:44:47,401
2004,1.42,2025-07-23 10:44:47,401
2005,1.4,2025-07-23 10:44:47,402
2006,1.43,2025-07-23 10:44:47,402
2007,1.42,2025-07-23 10:44:55,402
2008,1.42,2025-07-23 10:44:55,402
2009,1.43,2025-07-23 10:44:55,402
2010,1.43,2025-07-23 10:44:55,403
2011,1.42,2025-07-23 10:44:55,403
2012,1.42,2025-07-23 10:45:04,403
2013,1.43,2025-07-23 10:45:04,403
2014,1.43,2025-07-23 10:45:04,403
2015,1.42,2025-07-23 10:45:04,404
2016,1.43,2025-07-23 10:45:04,404
2017,1.43,2025-07-23 10:45:06,404
2018,1.44,2025-07-23 10:45:06,404
2019,1.44,2025-07-23 10:45:06,404
2020,1.43,2025-07-23 10:45:06,405
2021,1.43,2025-07-23 10:45:06,405
2022,1.44,2025-07-23 10:45:12,405
2023,1.43,2025-07-23 10:45:12,405
2024,1.43,2025-07-23 10:45:12,405
2025,1.44,2025-07-23 10:45:12,406
2026,1.43,2025-07-23 10:45:12,406
2027,1.44,2025-07-23 10:45:17,406
2028,1.43,2025-07-23 10:45:17,406
2029,1.43,2025-07-23 10:45:17,406
2030,1.43,2025-07-23 10:45:17,407
2031,1.43,2025-07-23 10:45:17,407
2032,1.42,2025-07-23 10:45:23,407
2033,1.42,2025-07-23 10:45:23,407
2034,1.42,2025-07-23 10:45:23,407
2035,1.42,2025-07-23 10:45:23,408
2036,1.42,2025-07-23 10:45:23,408
2037,1.41,2025-07-23 10:45:31,408
2038,1.43,2025-07-23 10:45:31,408
2039,1.43,2025-07-23 10:45:31,408
2040,1.43,2025-07-23 10:45:31,409
2041,1.43,2025-07-23 10:45:31,409
2042,1.42,2025-07-23 10:45:35,409
2043,1.42,2025-07-23 10:45:35,409
2044,1.42,2025-07-23 10:45:35,409
2045,1.42,2025-07-23 10:45:35,410
2046,1.43,2025-07-23 10:45:35,410
2047,1.44,2025-07-23 10:45:39,410
2048,1.44,2025-07-23 10:45:39,410
2049,1.44,2025-07-23 10:45:39,410
2050,1.44,2025-07-23 10:45:39,411
2051,1.44,2025-07-23 10:45:39,411
2052,1.43,2025-07-23 10:45:45,411
2053,1.44,2025-07-23 10:45:45,411
2054,1.44,2025-07-23 10:45:45,411
2055,1.44,2025-07-23 10:45:45,412
2056,1.44,2025-07-23 10:45:45,412
2057,1.44,2025-07-23 10:45:50,412
2058,1.44,2025-07-23 10:45:50,412
2059,1.43,2025-07-23 10:45:50,412
2060,1.43,2025-07-23 10:45:50,413
2061,1.42,2025-07-23 10:45:50,413
2062,1.43,2025-07-23 10:45:55,413
2063,1.43,2025-07-23 10:45:55,413
2064,1.43,2025-07-23 10:45:55,413
2065,1.43,2025-07-23 10:45:55,414
2066,1.43,2025-07-23 10:45:55,414
2067,1.43,2025-07-23 10:46:03,414
2068,1.43,2025-07-23 10:46:03,414
2069,1.43,2025-07-23 10:46:03,414
2070,1.43,2025-07-23 10:46:03,415
2071,1.43,2025-07-23 10:46:03,415
2072,1.43,2025-07-23 10:46:06,415
2073,1.43,2025-07-23 10:46:06,415
2074,1.42,2025-07-23 10:46:06,415
2075,1.42,2025-07-23 10:46:06,416
2076,1.43,2025-07-23 10:46:06,416
2077,1.42,2025-07-23 10:46:11,416
2078,1.42,2025-07-23 10:46:11,416
2079,1.4,2025-07-23 10:46:11,416
2080,1.41,2025-07-23 10:46:11,417
2081,1.41,2025-07-23 10:46:11,417
2082,1.4,2025-07-23 10:46:17,417
2083,1.4,2025-07-23 10:46:17,417
2084,1.4,2025-07-23 10:46:17,417
2085,1.41,2025-07-23 10:46:17,418
2086,1.41,2025-07-23 10:46:17,418
2087,1.41,2025-07-23 10:46:24,418
2088,1.42,2025-07-23 10:46:24,418
2089,1.42,2025-07-23 10:46:24,418
2090,1.42,2025-07-23 10:46:24,419
2091,1.42,2025-07-23 10:46:24,419
2092,1.42,2025-07-23 10:46:30,419
2093,1.42,2025-07-23 10:46:30,419
2094,1.42,2025-07-23 10:46:30,419
2095,1.42,2025-07-23 10:46:30,420
2096,1.42,2025-07-23 10:46:30,420
2097,1.42,2025-07-23 10:46:33,420
2098,1.42,2025-07-23 10:46:33,420
2099,1.42,2025-07-23 10:46:33,420
2100,1.43,2025-07-23 10:46:33,421
2101,1.42,2025-07-23 10:46:33,421
2102,1.42,2025-07-23 10:46:40,421
2103,1.42,2025-07-23 10:46:40,421
2104,1.41,2025-07-23 10:46:40,421
2105,1.41,2025-07-23 10:46:40,422
2106,1.44,2025-07-23 10:46:40,422
2107,1.44,2025-07-23 10:46:47,422
2108,1.44,2025-07-23 10:46:47,422
2109,1.46,2025-07-23 10:46:47,422
2110,1.35,2025-07-23 10:46:47,423
2111,1.36,2025-07-23 10:46:47,423
2112,1.33,2025-07-23 10:46:51,423
2113,1.31,2025-07-23 10:46:51,423
2114,1.34,2025-07-23 10:46:51,423
2115,1.32,2025-07-23 10:46:51,424
2116,1.32,2025-07-23 10:46:51,424
2117,1.33,2025-07-23 10:46:57,424
2118,1.32,2025-07-23 10:46:57,424
2119,1.31,2025-07-23 10:46:57,424
2120,1.28,2025-07-23 10:46:57,425
2121,1.27,2025-07-23 10:46:57,425
2122,1.25,2025-07-23 10:47:02,425
2123,1.27,2025-07-23 10:47:02,425
2124,1.34,2025-07-23 10:47:02,425
2125,1.35,2025-07-23 10:47:02,426
2126,1.35,2025-07-23 10:47:02,426
2127,1.35,2025-07-23 10:47:07,426
2128,1.35,2025-07-23 10:47:07,426
2129,1.35,2025-07-23 10:47:07,426
2130,1.35,2025-07-23 10:47:07,427
2131,1.35,2025-07-23 10:47:07,427
2132,1.35,2025-07-23 10:47:12,427
2133,1.34,2025-07-23 10:47:12,427
2134,1.35,2025-07-23 10:47:12,427
2135,1.34,2025-07-23 10:47:12,428
2136,1.35,2025-07-23 10:47:12,428
2137,1.35,2025-07-23 10:47:18,428
2138,1.35,2025-07-23 10:47:18,428
2139,1.35,2025-07-23 10:47:18,428
2140,1.34,2025-07-23 10:47:18,429
2141,1.34,2025-07-23 10:47:18,429
2142,1.34,2025-07-23 10:47:25,429
2143,1.34,2025-07-23 10:47:25,429
2144,1.35,2025-07-23 10:47:25,429
2145,1.34,2025-07-23 10:47:25,430
2146,1.33,2025-07-23 10:47:25,430
2147,1.34,2025-07-23 10:47:30,430
2148,1.34,2025-07-23 10:47:30,430
2149,1.35,2025-07-23 10:47:30,430
2150,1.35,2025-07-23 10:47:30,431
2151,1.34,2025-07-23 10:47:30,431
2152,1.35,2025-07-23 10:47:35,431
2153,1.35,2025-07-23 10:47:35,431
2154,1.35,2025-07-23 10:47:35,431
2155,1.36,2025-07-23 10:47:35,432
2156,1.35,2025-07-23 10:47:35,432
2157,1.35,2025-07-23 10:47:38,432
2158,1.35,2025-07-23 10:47:38,432
2159,1.34,2025-07-23 10:47:38,432
